Date,Source,Form,Positions,Status,AccessionNumber,FilingID,URL,CachePath
2001-11-30,SEC-MORGAN-NDX,N-30D,126,selected,0000912057-02-002514,a2068616zn-30d.txt,https://www.sec.gov/Archives/edgar/data/1137676/000091205702002514/a2068616zn-30d.txt,/Users/mcruz/Developer/Testfol-MarginStresser/data/ndx_simulation/data/cache/ndx_index_funds/morgan-ndx/2001-11-30_000091205702002514_a2068616zn-30d.txt
2002-05-31,SEC-MORGAN-NDX,N-30D,120,selected,0000912057-02-028209,a2084553zn-30d.txt,https://www.sec.gov/Archives/edgar/data/1137676/000091205702028209/a2084553zn-30d.txt,/Users/mcruz/Developer/Testfol-MarginStresser/data/ndx_simulation/data/cache/ndx_index_funds/morgan-ndx/2002-05-31_000091205702028209_a2084553zn-30d.txt
2002-11-30,SEC-MORGAN-NDX,N-30D,155,selected,0001047469-03-001980,a2101143zn-30d.txt,https://www.sec.gov/Archives/edgar/data/1137676/000104746903001980/a2101143zn-30d.txt,/Users/mcruz/Developer/Testfol-MarginStresser/data/ndx_simulation/data/cache/ndx_index_funds/morgan-ndx/2002-11-30_000104746903001980_a2101143zn-30d.txt
2003-05-31,SEC-MORGAN-NDX,N-CSR,144,selected,0001047469-03-025714,a2114978zn-csr.txt,https://www.sec.gov/Archives/edgar/data/1137676/000104746903025714/a2114978zn-csr.txt,/Users/mcruz/Developer/Testfol-MarginStresser/data/ndx_simulation/data/cache/ndx_index_funds/morgan-ndx/2003-05-31_000104746903025714_a2114978zn-csr.txt
2003-11-30,SEC-MORGAN-NDX,N-CSR,175,selected,0001047469-04-003328,a2127129zn-csr.txt,https://www.sec.gov/Archives/edgar/data/1137676/000104746904003328/a2127129zn-csr.txt,/Users/mcruz/Developer/Testfol-MarginStresser/data/ndx_simulation/data/cache/ndx_index_funds/morgan-ndx/2003-11-30_000104746904003328_a2127129zn-csr.txt
2004-05-31,SEC-MORGAN-NDX,N-CSRS,141,selected,0001047469-04-024793,a2140596zn-csrs.txt,https://www.sec.gov/Archives/edgar/data/1137676/000104746904024793/a2140596zn-csrs.txt,/Users/mcruz/Developer/Testfol-MarginStresser/data/ndx_simulation/data/cache/ndx_index_funds/morgan-ndx/2004-05-31_000104746904024793_a2140596zn-csrs.txt
2004-08-31,SEC-MORGAN-NDX,N-Q,102,selected,0001104659-04-032646,a04-11899_5nq.htm,https://www.sec.gov/Archives/edgar/data/1137676/000110465904032646/a04-11899_5nq.htm,/Users/mcruz/Developer/Testfol-MarginStresser/data/ndx_simulation/data/cache/ndx_index_funds/morgan-ndx/2004-08-31_000110465904032646_a04-11899_5nq.htm
2004-11-30,SEC-MORGAN-NDX,N-CSR,171,selected,0001047469-05-002384,a2150346zn-csr.txt,https://www.sec.gov/Archives/edgar/data/1137676/000104746905002384/a2150346zn-csr.txt,/Users/mcruz/Developer/Testfol-MarginStresser/data/ndx_simulation/data/cache/ndx_index_funds/morgan-ndx/2004-11-30_000104746905002384_a2150346zn-csr.txt
2005-02-28,SEC-MORGAN-NDX,N-Q,102,selected,0001104659-05-018402,a05-6326_5nq.htm,https://www.sec.gov/Archives/edgar/data/1137676/000110465905018402/a05-6326_5nq.htm,/Users/mcruz/Developer/Testfol-MarginStresser/data/ndx_simulation/data/cache/ndx_index_funds/morgan-ndx/2005-02-28_000110465905018402_a05-6326_5nq.htm
2005-05-31,SEC-MORGAN-NDX,N-CSRS,138,selected,0001047469-05-020454,a2160815zn-csrs.txt,https://www.sec.gov/Archives/edgar/data/1137676/000104746905020454/a2160815zn-csrs.txt,/Users/mcruz/Developer/Testfol-MarginStresser/data/ndx_simulation/data/cache/ndx_index_funds/morgan-ndx/2005-05-31_000104746905020454_a2160815zn-csrs.txt
2005-08-31,SEC-MORGAN-NDX,N-Q,100,selected,0001104659-05-050534,a05-17151_5nq.htm,https://www.sec.gov/Archives/edgar/data/1137676/000110465905050534/a05-17151_5nq.htm,/Users/mcruz/Developer/Testfol-MarginStresser/data/ndx_simulation/data/cache/ndx_index_funds/morgan-ndx/2005-08-31_000110465905050534_a05-17151_5nq.htm
2005-11-30,SEC-MORGAN-NDX,N-CSR,187,selected,0001047469-06-001563,a2166375zn-csr.txt,https://www.sec.gov/Archives/edgar/data/1137676/000104746906001563/a2166375zn-csr.txt,/Users/mcruz/Developer/Testfol-MarginStresser/data/ndx_simulation/data/cache/ndx_index_funds/morgan-ndx/2005-11-30_000104746906001563_a2166375zn-csr.txt
2006-02-28,SEC-MORGAN-NDX,N-Q,104,selected,0001104659-06-027395,a06-8550_2nq.htm,https://www.sec.gov/Archives/edgar/data/1137676/000110465906027395/a06-8550_2nq.htm,/Users/mcruz/Developer/Testfol-MarginStresser/data/ndx_simulation/data/cache/ndx_index_funds/morgan-ndx/2006-02-28_000110465906027395_a06-8550_2nq.htm
2006-05-31,SEC-MORGAN-NDX,N-CSRS,149,selected,0001047469-06-010612,a2171793zn-csrs.txt,https://www.sec.gov/Archives/edgar/data/1137676/000104746906010612/a2171793zn-csrs.txt,/Users/mcruz/Developer/Testfol-MarginStresser/data/ndx_simulation/data/cache/ndx_index_funds/morgan-ndx/2006-05-31_000104746906010612_a2171793zn-csrs.txt
2006-08-31,SEC-MORGAN-NDX,N-Q,103,selected,0001104659-06-068781,a06-21154_1nq.htm,https://www.sec.gov/Archives/edgar/data/1137676/000110465906068781/a06-21154_1nq.htm,/Users/mcruz/Developer/Testfol-MarginStresser/data/ndx_simulation/data/cache/ndx_index_funds/morgan-ndx/2006-08-31_000110465906068781_a06-21154_1nq.htm
2006-11-30,SEC-MORGAN-NDX,N-CSR,103,selected,0001104659-07-008447,a06-26030_1ncsr.htm,https://www.sec.gov/Archives/edgar/data/1137676/000110465907008447/a06-26030_1ncsr.htm,/Users/mcruz/Developer/Testfol-MarginStresser/data/ndx_simulation/data/cache/ndx_index_funds/morgan-ndx/2006-11-30_000110465907008447_a06-26030_1ncsr.htm
2007-02-28,SEC-MORGAN-NDX,N-Q,101,selected,0001104659-07-031211,a07-9893_4nq.htm,https://www.sec.gov/Archives/edgar/data/1137676/000110465907031211/a07-9893_4nq.htm,/Users/mcruz/Developer/Testfol-MarginStresser/data/ndx_simulation/data/cache/ndx_index_funds/morgan-ndx/2007-02-28_000110465907031211_a07-9893_4nq.htm
2007-05-31,SEC-MORGAN-NDX,N-CSRS,104,selected,0001104659-07-060863,a07-17220_1ncsrs.htm,https://www.sec.gov/Archives/edgar/data/1137676/000110465907060863/a07-17220_1ncsrs.htm,/Users/mcruz/Developer/Testfol-MarginStresser/data/ndx_simulation/data/cache/ndx_index_funds/morgan-ndx/2007-05-31_000110465907060863_a07-17220_1ncsrs.htm
2007-08-31,SEC-MORGAN-NDX,N-Q,102,selected,0001104659-07-077227,a07-26369_1nq.htm,https://www.sec.gov/Archives/edgar/data/1137676/000110465907077227/a07-26369_1nq.htm,/Users/mcruz/Developer/Testfol-MarginStresser/data/ndx_simulation/data/cache/ndx_index_funds/morgan-ndx/2007-08-31_000110465907077227_a07-26369_1nq.htm
2007-11-30,SEC-MORGAN-NDX,N-CSR,101,selected,0001104659-08-008536,a07-32259_1ncsr.htm,https://www.sec.gov/Archives/edgar/data/1137676/000110465908008536/a07-32259_1ncsr.htm,/Users/mcruz/Developer/Testfol-MarginStresser/data/ndx_simulation/data/cache/ndx_index_funds/morgan-ndx/2007-11-30_000110465908008536_a07-32259_1ncsr.htm
2008-02-29,SEC-MORGAN-NDX,N-Q,102,selected,0001104659-08-027667,a08-9825_4nq.htm,https://www.sec.gov/Archives/edgar/data/1137676/000110465908027667/a08-9825_4nq.htm,/Users/mcruz/Developer/Testfol-MarginStresser/data/ndx_simulation/data/cache/ndx_index_funds/morgan-ndx/2008-02-29_000110465908027667_a08-9825_4nq.htm
2008-05-31,SEC-MORGAN-NDX,N-CSRS,102,selected,0001104659-08-051837,a08-17896_1ncsrs.htm,https://www.sec.gov/Archives/edgar/data/1137676/000110465908051837/a08-17896_1ncsrs.htm,/Users/mcruz/Developer/Testfol-MarginStresser/data/ndx_simulation/data/cache/ndx_index_funds/morgan-ndx/2008-05-31_000110465908051837_a08-17896_1ncsrs.htm
2000-09-30,SEC-RYDEX-NDX,N-30D,96,selected,0000912057-00-051516,a2028078zn-30d.txt,https://www.sec.gov/Archives/edgar/data/899148/000091205700051516/a2028078zn-30d.txt,/Users/mcruz/Developer/Testfol-MarginStresser/data/ndx_simulation/data/cache/ndx_index_funds/rydex-ndx/2000-09-30_000091205700051516_a2028078zn-30d.txt
2001-03-31,SEC-RYDEX-NDX,N-30D,93,selected,0000912057-01-517867,a2046433zn-30d.txt,https://www.sec.gov/Archives/edgar/data/899148/000091205701517867/a2046433zn-30d.txt,/Users/mcruz/Developer/Testfol-MarginStresser/data/ndx_simulation/data/cache/ndx_index_funds/rydex-ndx/2001-03-31_000091205701517867_a2046433zn-30d.txt
2001-09-30,SEC-RYDEX-NDX,N-30D,101,selected,0000912057-01-541410,a2064459zn-30d.txt,https://www.sec.gov/Archives/edgar/data/899148/000091205701541410/a2064459zn-30d.txt,/Users/mcruz/Developer/Testfol-MarginStresser/data/ndx_simulation/data/cache/ndx_index_funds/rydex-ndx/2001-09-30_000091205701541410_a2064459zn-30d.txt
2002-03-31,SEC-RYDEX-NDX,N-30D,101,selected,0000935069-02-000555,benchmrk.txt,https://www.sec.gov/Archives/edgar/data/899148/000093506902000555/benchmrk.txt,/Users/mcruz/Developer/Testfol-MarginStresser/data/ndx_simulation/data/cache/ndx_index_funds/rydex-ndx/2002-03-31_000093506902000555_benchmrk.txt
2002-09-30,SEC-RYDEX-NDX,N-30D,99,selected,0000935069-02-001290,benchmar.txt,https://www.sec.gov/Archives/edgar/data/899148/000093506902001290/benchmar.txt,/Users/mcruz/Developer/Testfol-MarginStresser/data/ndx_simulation/data/cache/ndx_index_funds/rydex-ndx/2002-09-30_000093506902001290_benchmar.txt
2003-03-31,SEC-RYDEX-NDX,N-30D,101,selected,0000935069-03-000753,benchmar.htm,https://www.sec.gov/Archives/edgar/data/899148/000093506903000753/benchmar.htm,/Users/mcruz/Developer/Testfol-MarginStresser/data/ndx_simulation/data/cache/ndx_index_funds/rydex-ndx/2003-03-31_000093506903000753_benchmar.htm
2003-09-30,SEC-RYDEX-NDX,N-CSRS,98,selected,0000935069-03-001570,ncsrs.txt,https://www.sec.gov/Archives/edgar/data/899148/000093506903001570/ncsrs.txt,/Users/mcruz/Developer/Testfol-MarginStresser/data/ndx_simulation/data/cache/ndx_index_funds/rydex-ndx/2003-09-30_000093506903001570_ncsrs.txt
2004-03-31,SEC-RYDEX-NDX,N-CSR,99,selected,0000935069-04-000855,seriesncsr.txt,https://www.sec.gov/Archives/edgar/data/899148/000093506904000855/seriesncsr.txt,/Users/mcruz/Developer/Testfol-MarginStresser/data/ndx_simulation/data/cache/ndx_index_funds/rydex-ndx/2004-03-31_000093506904000855_seriesncsr.txt
2004-09-30,SEC-RYDEX-NDX,N-CSRS,102,selected,0000935069-04-002032,ncsrs904.txt,https://www.sec.gov/Archives/edgar/data/899148/000093506904002032/ncsrs904.txt,/Users/mcruz/Developer/Testfol-MarginStresser/data/ndx_simulation/data/cache/ndx_index_funds/rydex-ndx/2004-09-30_000093506904002032_ncsrs904.txt
2004-12-31,SEC-RYDEX-NDX,N-Q,94,selected,0000935069-05-000289,series.txt,https://www.sec.gov/Archives/edgar/data/899148/000093506905000289/series.txt,/Users/mcruz/Developer/Testfol-MarginStresser/data/ndx_simulation/data/cache/ndx_index_funds/rydex-ndx/2004-12-31_000093506905000289_series.txt
2005-03-31,SEC-RYDEX-NDX,N-CSR,103,selected,0000935069-05-001610,form_ncsr.txt,https://www.sec.gov/Archives/edgar/data/899148/000093506905001610/form_ncsr.txt,/Users/mcruz/Developer/Testfol-MarginStresser/data/ndx_simulation/data/cache/ndx_index_funds/rydex-ndx/2005-03-31_000093506905001610_form_ncsr.txt
2005-06-30,SEC-RYDEX-NDX,N-Q,93,selected,0000935069-05-001974,form_nq.txt,https://www.sec.gov/Archives/edgar/data/899148/000093506905001974/form_nq.txt,/Users/mcruz/Developer/Testfol-MarginStresser/data/ndx_simulation/data/cache/ndx_index_funds/rydex-ndx/2005-06-30_000093506905001974_form_nq.txt
2005-09-30,SEC-RYDEX-NDX,N-CSRS,91,selected,0000935069-05-003302,g20122_seriesfundsncsrs.txt,https://www.sec.gov/Archives/edgar/data/899148/000093506905003302/g20122_seriesfundsncsrs.txt,/Users/mcruz/Developer/Testfol-MarginStresser/data/ndx_simulation/data/cache/ndx_index_funds/rydex-ndx/2005-09-30_000093506905003302_g20122_seriesfundsncsrs.txt
2005-12-31,SEC-RYDEX-NDX,N-Q,93,selected,0000935069-06-000485,g31697_rydexnq.txt,https://www.sec.gov/Archives/edgar/data/899148/000093506906000485/g31697_rydexnq.txt,/Users/mcruz/Developer/Testfol-MarginStresser/data/ndx_simulation/data/cache/ndx_index_funds/rydex-ndx/2005-12-31_000093506906000485_g31697_rydexnq.txt
2006-03-31,SEC-RYDEX-NDX,N-CSR,96,selected,0000935069-06-001608,g32070_rydexseriesfundsncsr.txt,https://www.sec.gov/Archives/edgar/data/899148/000093506906001608/g32070_rydexseriesfundsncsr.txt,/Users/mcruz/Developer/Testfol-MarginStresser/data/ndx_simulation/data/cache/ndx_index_funds/rydex-ndx/2006-03-31_000093506906001608_g32070_rydexseriesfundsncsr.txt
2006-06-30,SEC-RYDEX-NDX,N-Q,100,selected,0000935069-06-002253,g35045_benchmarknq.txt,https://www.sec.gov/Archives/edgar/data/899148/000093506906002253/g35045_benchmarknq.txt,/Users/mcruz/Developer/Testfol-MarginStresser/data/ndx_simulation/data/cache/ndx_index_funds/rydex-ndx/2006-06-30_000093506906002253_g35045_benchmarknq.txt
2006-09-30,SEC-RYDEX-NDX,N-CSR,104,selected,0000935069-07-001367,g38552_seriesncsr.txt,https://www.sec.gov/Archives/edgar/data/899148/000093506907001367/g38552_seriesncsr.txt,/Users/mcruz/Developer/Testfol-MarginStresser/data/ndx_simulation/data/cache/ndx_index_funds/rydex-ndx/2006-09-30_000093506907001367_g38552_seriesncsr.txt
2006-12-31,SEC-RYDEX-NDX,N-Q,100,selected,0000935069-07-000275,g38299_seriesnq.txt,https://www.sec.gov/Archives/edgar/data/899148/000093506907000275/g38299_seriesnq.txt,/Users/mcruz/Developer/Testfol-MarginStresser/data/ndx_simulation/data/cache/ndx_index_funds/rydex-ndx/2006-12-31_000093506907000275_g38299_seriesnq.txt
2007-06-30,SEC-RYDEX-NDX,N-Q,105,selected,0000935069-07-001876,g42274_seriesnq.txt,https://www.sec.gov/Archives/edgar/data/899148/000093506907001876/g42274_seriesnq.txt,/Users/mcruz/Developer/Testfol-MarginStresser/data/ndx_simulation/data/cache/ndx_index_funds/rydex-ndx/2007-06-30_000093506907001876_g42274_seriesnq.txt
2007-09-30,SEC-RYDEX-NDX,N-CSRS,0,rejected-too-few-positions,0000935069-07-002896,a1ncsrs.htm,https://www.sec.gov/Archives/edgar/data/899148/000093506907002896/a1ncsrs.htm,/Users/mcruz/Developer/Testfol-MarginStresser/data/ndx_simulation/data/cache/ndx_index_funds/rydex-ndx/2007-09-30_000093506907002896_a1ncsrs.htm
2007-12-31,SEC-RYDEX-NDX,N-Q,0,rejected-too-few-positions,0000935069-08-000389,a1_nq.htm,https://www.sec.gov/Archives/edgar/data/899148/000093506908000389/a1_nq.htm,/Users/mcruz/Developer/Testfol-MarginStresser/data/ndx_simulation/data/cache/ndx_index_funds/rydex-ndx/2007-12-31_000093506908000389_a1_nq.htm
2008-03-31,SEC-RYDEX-NDX,N-CSR,0,rejected-too-few-positions,0000935069-08-001405,a1_ncsr.htm,https://www.sec.gov/Archives/edgar/data/899148/000093506908001405/a1_ncsr.htm,/Users/mcruz/Developer/Testfol-MarginStresser/data/ndx_simulation/data/cache/ndx_index_funds/rydex-ndx/2008-03-31_000093506908001405_a1_ncsr.htm
2008-06-30,SEC-RYDEX-NDX,N-Q,0,rejected-too-few-positions,0000935069-08-002103,a1_nq.htm,https://www.sec.gov/Archives/edgar/data/899148/000093506908002103/a1_nq.htm,/Users/mcruz/Developer/Testfol-MarginStresser/data/ndx_simulation/data/cache/ndx_index_funds/rydex-ndx/2008-06-30_000093506908002103_a1_nq.htm
2008-09-30,SEC-RYDEX-NDX,N-CSRS,0,rejected-too-few-positions,0000935069-08-002913,a1_seriesncsrs.htm,https://www.sec.gov/Archives/edgar/data/899148/000093506908002913/a1_seriesncsrs.htm,/Users/mcruz/Developer/Testfol-MarginStresser/data/ndx_simulation/data/cache/ndx_index_funds/rydex-ndx/2008-09-30_000093506908002913_a1_seriesncsrs.htm
2008-12-31,SEC-RYDEX-NDX,N-Q,0,rejected-too-few-positions,0001434991-09-000050,p14039anvq.htm,https://www.sec.gov/Archives/edgar/data/899148/000143499109000050/p14039anvq.htm,/Users/mcruz/Developer/Testfol-MarginStresser/data/ndx_simulation/data/cache/ndx_index_funds/rydex-ndx/2008-12-31_000143499109000050_p14039anvq.htm
2009-03-31,SEC-RYDEX-NDX,N-Q,0,rejected-too-few-positions,0000950123-09-010063,p15059nvq.htm,https://www.sec.gov/Archives/edgar/data/899148/000095012309010063/p15059nvq.htm,/Users/mcruz/Developer/Testfol-MarginStresser/data/ndx_simulation/data/cache/ndx_index_funds/rydex-ndx/2009-03-31_000095012309010063_p15059nvq.htm
2009-06-30,SEC-RYDEX-NDX,N-Q,0,rejected-too-few-positions,0000950123-09-039890,p15765nvq.htm,https://www.sec.gov/Archives/edgar/data/899148/000095012309039890/p15765nvq.htm,/Users/mcruz/Developer/Testfol-MarginStresser/data/ndx_simulation/data/cache/ndx_index_funds/rydex-ndx/2009-06-30_000095012309039890_p15765nvq.htm
2009-09-30,SEC-RYDEX-NDX,N-Q,0,rejected-too-few-positions,0000950123-09-066753,p16127nvq.htm,https://www.sec.gov/Archives/edgar/data/899148/000095012309066753/p16127nvq.htm,/Users/mcruz/Developer/Testfol-MarginStresser/data/ndx_simulation/data/cache/ndx_index_funds/rydex-ndx/2009-09-30_000095012309066753_p16127nvq.htm
2009-12-31,SEC-RYDEX-NDX,N-Q,0,rejected-too-few-positions,0000950123-10-019144,p16710nvq.htm,https://www.sec.gov/Archives/edgar/data/899148/000095012310019144/p16710nvq.htm,/Users/mcruz/Developer/Testfol-MarginStresser/data/ndx_simulation/data/cache/ndx_index_funds/rydex-ndx/2009-12-31_000095012310019144_p16710nvq.htm
