Date,Count,Top,Type,Tickers,Weights,PriceTickers
2000-06-30,11,CSCO,Rebal,CSCO|INTC|MSFT|JDSU|ORCL|SUNW|VRTS|NXTL|SEBL|QCOM|WCOM,0.159763|0.155750|0.143596|0.105455|0.097785|0.062285|0.060879|0.057024|0.056679|0.053434|0.047349,CSCO|INTC|JDSU|MSFT|NXTL|ORCL|QCOM|QQQ|SUNW|WCOM
2000-09-18,11,CSCO,Rebal,CSCO|INTC|MSFT|ORCL|JDSU|SUNW|QCOM|VRTS|SEBL|NXTL|NTAP,0.165744|0.142776|0.124151|0.097659|0.094470|0.086661|0.068259|0.064290|0.059855|0.051028|0.045107,CSCO|INTC|JDSU|MSFT|NTAP|NXTL|ORCL|QCOM|QQQ|SUNW
2000-12-18,12,CSCO,Recon,CSCO|MSFT|INTC|QCOM|ORCL|JDSU|VRTS|SUNW|SEBL|CIEN|AMGN|IMNX,0.157974|0.125622|0.113405|0.111376|0.108974|0.076215|0.061038|0.057269|0.056827|0.047147|0.044367|0.039785,AMGN|CIEN|CSCO|IMNX|INTC|JDSU|MSFT|ORCL|QCOM|QQQ|SUNW
2001-03-19,12,MSFT,Rebal,MSFT|INTC|CSCO|QCOM|ORCL|JDSU|AMGN|VSTR|SUNW|DELL|VRTS|XLNX,0.203490|0.130058|0.109046|0.108107|0.075167|0.067476|0.063331|0.057847|0.055151|0.048402|0.041834|0.040091,AMGN|CSCO|DELL|INTC|JDSU|MSFT|ORCL|QCOM|QQQ|SUNW|XLNX
2001-06-18,12,MSFT,Rebal,MSFT|INTC|QCOM|CSCO|ORCL|AMGN|VSTR|DELL|AMAT|SUNW|VRTS|XLNX,0.259585|0.137160|0.096312|0.089559|0.074856|0.068730|0.058223|0.048227|0.043630|0.043251|0.042105|0.038363,AMAT|AMGN|CSCO|DELL|INTC|MSFT|ORCL|QCOM|QQQ|SUNW|XLNX
2001-09-24,11,MSFT,Rebal,MSFT|INTC|QCOM|CSCO|ORCL|AMGN|DELL|MXIM|WCOM|CMCSA|AMAT,0.270226|0.140824|0.122452|0.092121|0.081670|0.075651|0.049972|0.046324|0.044180|0.041840|0.034741,AMAT|AMGN|CMCSA|CSCO|DELL|INTC|MSFT|MXIM|ORCL|QCOM|WCOM
2001-12-24,13,MSFT,Recon,MSFT|INTC|CSCO|QCOM|ORCL|AMGN|DELL|MXIM|LLTC|IMNX|AMAT|CEFT|SUNW,0.254085|0.153829|0.096611|0.093733|0.068003|0.056745|0.054238|0.048724|0.036049|0.034624|0.034546|0.034408|0.034407,AMAT|AMGN|CSCO|DELL|IMNX|INTC|LLTC|MSFT|MXIM|ORCL|QCOM|QQQ|SUNW
2002-03-18,13,MSFT,Rebal,MSFT|INTC|CSCO|QCOM|ORCL|AMGN|MXIM|DELL|IMNX|CEFT|AMAT|VRTS|LLTC,0.240784|0.157295|0.092999|0.085123|0.058294|0.053704|0.053668|0.049687|0.045787|0.043256|0.041109|0.040209|0.038086,AMAT|AMGN|CSCO|DELL|IMNX|INTC|LLTC|MSFT|MXIM|ORCL|QCOM|QQQ
2002-06-24,13,MSFT,Rebal,MSFT|INTC|CSCO|QCOM|DELL|AMGN|ORCL|MXIM|AMAT|IMNX|CEFT|BBBY|LLTC,0.275864|0.123906|0.100696|0.067770|0.065030|0.055761|0.053800|0.050740|0.046049|0.045229|0.042939|0.037006|0.035210,AMAT|AMGN|BBBY|CSCO|DELL|IMNX|INTC|LLTC|MSFT|MXIM|ORCL|QCOM|QQQ
2002-09-23,12,MSFT,Rebal,MSFT|INTC|CSCO|QCOM|AMGN|DELL|ORCL|BBBY|EBAY|INTU|SBUX|MXIM,0.283135|0.111518|0.105719|0.086973|0.080604|0.078074|0.057990|0.043623|0.039797|0.039537|0.037011|0.036019,AMGN|BBBY|CSCO|DELL|EBAY|INTC|INTU|MSFT|MXIM|ORCL|QCOM|SBUX
2002-12-23,10,MSFT,Recon,MSFT|INTC|QCOM|CSCO|AMGN|DELL|ORCL|CMCSA|EBAY|MXIM,0.287663|0.115305|0.104908|0.100853|0.088316|0.075514|0.071266|0.064882|0.045877|0.045417,AMGN|CMCSA|CSCO|DELL|EBAY|INTC|MSFT|MXIM|ORCL|QCOM
2003-03-24,10,MSFT,Rebal,MSFT|INTC|QCOM|CSCO|AMGN|CMCSA|DELL|ORCL|EBAY|MXIM,0.252555|0.118776|0.105337|0.099413|0.095507|0.075863|0.075791|0.069638|0.056657|0.050463,AMGN|CMCSA|CSCO|DELL|EBAY|INTC|MSFT|MXIM|ORCL|QCOM
2003-06-23,10,MSFT,Rebal,MSFT|INTC|CSCO|AMGN|QCOM|DELL|CMCSA|ORCL|EBAY|MXIM,0.246824|0.121400|0.112969|0.100354|0.089122|0.077303|0.076571|0.072934|0.061269|0.041253,AMGN|CMCSA|CSCO|DELL|EBAY|INTC|MSFT|MXIM|ORCL|QCOM
2003-09-22,10,MSFT,Rebal,MSFT|INTC|CSCO|QCOM|AMGN|DELL|CMCSA|ORCL|EBAY|MXIM,0.245199|0.147470|0.116845|0.096851|0.093532|0.073008|0.065989|0.058993|0.058656|0.043456,AMGN|CMCSA|CSCO|DELL|EBAY|INTC|MSFT|MXIM|ORCL|QCOM
2003-12-22,13,MSFT,Recon,MSFT|INTC|CSCO|QCOM|NXTL|AMGN|DELL|CMCSA|EBAY|ORCL|IACI|MXIM|BBBY,0.186998|0.127821|0.109981|0.092498|0.068476|0.067917|0.057552|0.056215|0.055479|0.053116|0.047114|0.040507|0.036326,AMGN|BBBY|CMCSA|CSCO|DELL|EBAY|IACI|INTC|MSFT|MXIM|NXTL|ORCL|QCOM
2004-03-22,13,MSFT,Rebal,MSFT|QCOM|INTC|CSCO|AMGN|EBAY|DELL|ORCL|CMCSA|SBUX|IACI|MXIM|BIIB,0.179718|0.120063|0.119406|0.109660|0.074599|0.065009|0.064684|0.054471|0.048591|0.043625|0.041267|0.040830|0.038077,AMGN|BIIB|CMCSA|CSCO|DELL|EBAY|IACI|INTC|MSFT|MXIM|ORCL|QCOM|SBUX
2004-06-21,13,MSFT,Rebal,MSFT|QCOM|INTC|CSCO|EBAY|DELL|AMGN|CMCSA|ORCL|SBUX|MXIM|IACI|BIIB,0.197608|0.118771|0.116701|0.103849|0.078172|0.060803|0.059026|0.050923|0.045074|0.045060|0.041890|0.041470|0.040653,AMGN|BIIB|CMCSA|CSCO|DELL|EBAY|IACI|INTC|MSFT|MXIM|ORCL|QCOM|SBUX
2004-09-20,13,MSFT,Rebal,MSFT|QCOM|INTC|CSCO|EBAY|AMGN|NXTL|DELL|CMCSA|SBUX|ORCL|BIIB|YHOO,0.190370|0.140433|0.087464|0.086793|0.083888|0.063451|0.061050|0.060903|0.050335|0.046917|0.045750|0.042138|0.040507,AMGN|BIIB|CMCSA|CSCO|DELL|EBAY|INTC|MSFT|NXTL|ORCL|QCOM|SBUX|YHOO
2004-12-20,12,MSFT,Recon,MSFT|QCOM|EBAY|INTC|CSCO|DELL|NXTL|ORCL|AAPL|SBUX|AMGN|CMCSA,0.190984|0.138229|0.091528|0.089526|0.082740|0.073803|0.066179|0.059706|0.055271|0.053854|0.050063|0.048115,AAPL|AMGN|CMCSA|CSCO|DELL|EBAY|INTC|MSFT|NXTL|ORCL|QCOM|SBUX
2005-03-21,12,MSFT,Rebal,MSFT|QCOM|INTC|CSCO|AAPL|CMCSA|NXTL|DELL|EBAY|AMGN|SBUX|ORCL,0.183298|0.126351|0.099436|0.093844|0.084685|0.072211|0.068863|0.063405|0.059863|0.051554|0.050527|0.045963,AAPL|AMGN|CMCSA|CSCO|DELL|EBAY|INTC|MSFT|NXTL|ORCL|QCOM|SBUX
2005-06-20,12,MSFT,Rebal,MSFT|QCOM|INTC|AMGN|CSCO|AAPL|NXTL|EBAY|DELL|CMCSA|SBUX|ORCL,0.146784|0.120661|0.106422|0.091100|0.083017|0.076949|0.076240|0.068334|0.068303|0.059505|0.056232|0.046453,AAPL|AMGN|CMCSA|CSCO|DELL|EBAY|INTC|MSFT|NXTL|ORCL|QCOM|SBUX
2005-09-19,11,MSFT,Rebal,MSFT|QCOM|AAPL|INTC|AMGN|CSCO|EBAY|DELL|ORCL|CMCSA|SBUX,0.181113|0.157389|0.113829|0.098379|0.092580|0.077550|0.069688|0.056536|0.053443|0.053062|0.046432,AAPL|AMGN|CMCSA|CSCO|DELL|EBAY|INTC|MSFT|ORCL|QCOM|SBUX
2005-12-19,14,MSFT,Recon,MSFT|QCOM|AAPL|INTC|GOOG|EBAY|AMGN|CSCO|SBUX|DELL|YHOO|ORCL|CMCSA|GILD,0.148421|0.129158|0.123826|0.082440|0.077211|0.067529|0.066909|0.059782|0.049085|0.042183|0.041671|0.039681|0.038066|0.034038,AAPL|AMGN|CMCSA|CSCO|DELL|EBAY|GILD|GOOG|INTC|MSFT|ORCL|QCOM|SBUX|YHOO
2006-03-20,14,MSFT,Rebal,MSFT|QCOM|AAPL|CSCO|GOOG|AMGN|INTC|EBAY|SBUX|ORCL|GILD|DELL|CMCSA|YHOO,0.154940|0.151279|0.114020|0.072067|0.064012|0.063493|0.062742|0.060663|0.059734|0.044642|0.043049|0.039031|0.038880|0.031447,AAPL|AMGN|CMCSA|CSCO|DELL|EBAY|GILD|GOOG|INTC|MSFT|ORCL|QCOM|SBUX|YHOO
2006-06-19,14,QCOM,Rebal,QCOM|MSFT|AAPL|GOOG|CSCO|SBUX|INTC|AMGN|EBAY|CMCSA|ORCL|GILD|DELL|YHOO,0.144764|0.133942|0.113076|0.078662|0.072741|0.063744|0.062757|0.062646|0.052760|0.051534|0.051370|0.042664|0.034793|0.034548,AAPL|AMGN|CMCSA|CSCO|DELL|EBAY|GILD|GOOG|INTC|MSFT|ORCL|QCOM|SBUX|YHOO
2006-09-18,14,MSFT,Rebal,MSFT|AAPL|QCOM|GOOG|CSCO|INTC|AMGN|ORCL|SBUX|CMCSA|GILD|EBAY|SHLD|GENZ,0.142527|0.136491|0.113141|0.085807|0.077358|0.061582|0.059056|0.055130|0.054871|0.050661|0.045203|0.043962|0.039990|0.034222,AAPL|AMGN|CMCSA|CSCO|EBAY|GENZ|GILD|GOOG|INTC|MSFT|ORCL|QCOM|SBUX|SHLD
2006-12-18,14,AAPL,Recon,AAPL|MSFT|QCOM|CSCO|GOOG|AMGN|CMCSA|ORCL|INTC|GILD|SBUX|EBAY|FISV|SHLD,0.135003|0.131604|0.104937|0.089511|0.079767|0.068479|0.059589|0.054977|0.053141|0.051368|0.049036|0.043799|0.040268|0.038521,AAPL|AMGN|CMCSA|CSCO|EBAY|FISV|GILD|GOOG|INTC|MSFT|ORCL|QCOM|SBUX|SHLD
2007-03-19,14,AAPL,Rebal,AAPL|MSFT|QCOM|GOOG|CSCO|INTC|CMCSA|ORCL|SBUX|EBAY|GILD|AMGN|SHLD|RIMM,0.154990|0.134859|0.123339|0.085705|0.080495|0.054995|0.053129|0.053091|0.046964|0.045998|0.045639|0.045520|0.040138|0.035139,AAPL|AMGN|BB|CMCSA|CSCO|EBAY|GILD|GOOG|INTC|MSFT|ORCL|QCOM|SBUX|SHLD
2007-06-18,14,AAPL,Rebal,AAPL|MSFT|QCOM|GOOG|CSCO|INTC|ORCL|CMCSA|GILD|RIMM|EBAY|AMGN|SBUX|SHLD,0.190490|0.129776|0.106807|0.091083|0.074156|0.061615|0.054006|0.051139|0.046528|0.041307|0.040798|0.040176|0.036474|0.035644,AAPL|AMGN|BB|CMCSA|CSCO|EBAY|GILD|GOOG|INTC|MSFT|ORCL|QCOM|SBUX|SHLD
2007-09-24,14,AAPL,Rebal,AAPL|MSFT|QCOM|GOOG|CSCO|INTC|RIMM|ORCL|EBAY|GILD|CMCSA|SBUX|AMGN|CELG,0.210905|0.109924|0.098549|0.094331|0.080992|0.062272|0.062032|0.054438|0.045805|0.042514|0.040282|0.033021|0.032820|0.032116,AAPL|AMGN|BB|CELG|CMCSA|CSCO|EBAY|GILD|GOOG|INTC|MSFT|ORCL|QCOM|SBUX
2007-12-24,9,AAPL,Recon,AAPL|MSFT|GOOG|QCOM|RIMM|CSCO|INTC|ORCL|GILD,0.295740|0.144758|0.121751|0.099826|0.081037|0.076400|0.068494|0.059510|0.052484,AAPL|BB|CSCO|GILD|GOOG|INTC|MSFT|ORCL|QCOM
2008-03-24,9,AAPL,Rebal,AAPL|MSFT|QCOM|GOOG|RIMM|CSCO|GILD|INTC|ORCL,0.255605|0.142257|0.121592|0.098526|0.094587|0.083924|0.068352|0.068281|0.066876,AAPL|BB|CSCO|GILD|GOOG|INTC|MSFT|ORCL|QCOM
2008-06-23,9,AAPL,Rebal,AAPL|QCOM|MSFT|RIMM|GOOG|CSCO|GILD|ORCL|INTC,0.283894|0.124130|0.119628|0.107151|0.104820|0.069682|0.067234|0.062987|0.060474,AAPL|BB|CSCO|GILD|GOOG|INTC|MSFT|ORCL|QCOM
2008-09-22,9,AAPL,Rebal,AAPL|QCOM|MSFT|GOOG|RIMM|CSCO|ORCL|GILD|INTC,0.261724|0.147021|0.129006|0.101132|0.089315|0.078831|0.068709|0.065396|0.058867,AAPL|BB|CSCO|GILD|GOOG|INTC|MSFT|ORCL|QCOM
2008-12-22,11,AAPL,Recon,AAPL|QCOM|MSFT|GILD|GOOG|ORCL|CSCO|INTC|AMGN|TEVA|CELG,0.210774|0.137066|0.119908|0.090561|0.085985|0.075025|0.068734|0.056166|0.056052|0.052377|0.047353,AAPL|AMGN|CELG|CSCO|GILD|GOOG|INTC|MSFT|ORCL|QCOM|TEVA
2009-03-23,11,AAPL,Rebal,AAPL|QCOM|MSFT|GOOG|GILD|ORCL|CSCO|TEVA|INTC|AMGN|CELG,0.247260|0.143043|0.103990|0.094316|0.074881|0.070144|0.064303|0.061721|0.055913|0.044286|0.040143,AAPL|AMGN|CELG|CSCO|GILD|GOOG|INTC|MSFT|ORCL|QCOM|TEVA
2009-06-22,11,AAPL,Rebal,AAPL|QCOM|MSFT|GOOG|ORCL|GILD|RIMM|CSCO|TEVA|INTC|AMGN,0.267590|0.138763|0.112019|0.093477|0.065100|0.064401|0.060209|0.059132|0.053776|0.047912|0.037621,AAPL|AMGN|BB|CSCO|GILD|GOOG|INTC|MSFT|ORCL|QCOM|TEVA
2009-09-21,11,AAPL,Rebal,AAPL|QCOM|MSFT|GOOG|CSCO|RIMM|ORCL|GILD|INTC|TEVA|AMGN,0.302445|0.118318|0.102715|0.096227|0.064038|0.062771|0.059328|0.054701|0.050376|0.050293|0.038789,AAPL|AMGN|BB|CSCO|GILD|GOOG|INTC|MSFT|ORCL|QCOM|TEVA
2009-12-21,10,AAPL,Recon,AAPL|MSFT|QCOM|GOOG|ORCL|CSCO|TEVA|RIMM|INTC|GILD,0.318169|0.121005|0.116937|0.113199|0.065620|0.062564|0.051712|0.050768|0.050581|0.049444,AAPL|BB|CSCO|GILD|GOOG|INTC|MSFT|ORCL|QCOM|TEVA
2010-03-22,10,AAPL,Rebal,AAPL|MSFT|GOOG|QCOM|CSCO|ORCL|TEVA|INTC|GILD|RIMM,0.350000|0.108871|0.103235|0.096285|0.066222|0.066155|0.058281|0.053636|0.049111|0.048204,AAPL|BB|CSCO|GILD|GOOG|INTC|MSFT|ORCL|QCOM|TEVA
2010-06-21,10,AAPL,Rebal,AAPL|MSFT|GOOG|QCOM|ORCL|CSCO|INTC|TEVA|RIMM|GILD,0.350000|0.110058|0.104318|0.098235|0.068911|0.067817|0.058927|0.055020|0.044256|0.042457,AAPL|BB|CSCO|GILD|GOOG|INTC|MSFT|ORCL|QCOM|TEVA
2010-09-20,10,AAPL,Rebal,AAPL|QCOM|GOOG|MSFT|ORCL|AMZN|CSCO|TEVA|INTC|GILD,0.350000|0.110771|0.101408|0.100776|0.076660|0.059861|0.059051|0.053174|0.049188|0.039111,AAPL|AMZN|CSCO|GILD|GOOG|INTC|MSFT|ORCL|QCOM|TEVA
2010-12-20,10,AAPL,Recon,AAPL|QCOM|GOOG|MSFT|ORCL|AMZN|INTC|CSCO|TEVA|SBUX,0.350000|0.114894|0.107125|0.099443|0.079690|0.065434|0.049776|0.048065|0.044841|0.040733,AAPL|AMZN|CSCO|GOOG|INTC|MSFT|ORCL|QCOM|SBUX|TEVA
2011-03-21,10,AAPL,Rebal,AAPL|QCOM|GOOG|MSFT|ORCL|AMZN|INTC|SBUX|CSCO|TEVA,0.350000|0.128074|0.106652|0.093077|0.081245|0.060356|0.048645|0.044883|0.043779|0.043287,AAPL|AMZN|CSCO|GOOG|INTC|MSFT|ORCL|QCOM|SBUX|TEVA
2011-06-20,10,AAPL,Rebal,AAPL|MSFT|ORCL|GOOG|INTC|QCOM|AMZN|CSCO|AMGN|CMCSA,0.232768|0.163325|0.128587|0.097998|0.089189|0.071552|0.067874|0.066290|0.043021|0.039394,AAPL|AMGN|AMZN|CMCSA|CSCO|GOOG|INTC|MSFT|ORCL|QCOM
2011-09-19,10,AAPL,Rebal,AAPL|MSFT|ORCL|GOOG|INTC|AMZN|CSCO|QCOM|AMGN|CMCSA,0.272334|0.162768|0.104807|0.099083|0.082183|0.078320|0.064788|0.064356|0.037291|0.034069,AAPL|AMGN|AMZN|CMCSA|CSCO|GOOG|INTC|MSFT|ORCL|QCOM
2011-12-19,6,AAPL,Recon,AAPL|MSFT|GOOG|ORCL|INTC|CSCO,0.325190|0.196396|0.144939|0.132878|0.111326|0.089272,AAPL|CSCO|GOOG|INTC|MSFT|ORCL
2012-03-19,6,AAPL,Rebal,AAPL|MSFT|GOOG|ORCL|INTC|QCOM,0.350000|0.209017|0.124691|0.116630|0.112807|0.086854,AAPL|GOOG|INTC|MSFT|ORCL|QCOM
2012-06-18,6,AAPL,Rebal,AAPL|MSFT|GOOG|INTC|ORCL|QCOM,0.350000|0.212295|0.126826|0.116442|0.112404|0.082034,AAPL|GOOG|INTC|MSFT|ORCL|QCOM
2012-09-24,6,AAPL,Rebal,AAPL|MSFT|GOOG|ORCL|INTC|QCOM,0.350000|0.201088|0.152885|0.122629|0.088911|0.084486,AAPL|GOOG|INTC|MSFT|ORCL|QCOM
2012-12-24,7,AAPL,Recon,AAPL|MSFT|GOOG|ORCL|AMZN|CSCO|QCOM,0.350000|0.162919|0.133396|0.117886|0.083906|0.076197|0.075695,AAPL|AMZN|CSCO|GOOG|MSFT|ORCL|QCOM
2013-03-18,7,AAPL,Rebal,AAPL|MSFT|GOOG|ORCL|AMZN|CSCO|QCOM,0.306659|0.169178|0.151874|0.126408|0.083668|0.083266|0.078947,AAPL|AMZN|CSCO|GOOG|MSFT|ORCL|QCOM
2013-06-24,7,AAPL,Rebal,AAPL|MSFT|GOOG|ORCL|CSCO|AMZN|QCOM,0.263538|0.202597|0.171700|0.106380|0.092622|0.089096|0.074067,AAPL|AMZN|CSCO|GOOG|MSFT|ORCL|QCOM
2013-09-23,6,AAPL,Rebal,AAPL|MSFT|GOOG|AMZN|CSCO|QCOM,0.329712|0.201912|0.179628|0.105268|0.095902|0.087579,AAPL|AMZN|CSCO|GOOG|MSFT|QCOM
2013-12-23,8,AAPL,Recon,AAPL|GOOG|MSFT|AMZN|INTC|QCOM|CSCO|GILD,0.288712|0.170277|0.170196|0.102617|0.070318|0.069694|0.064233|0.063953,AAPL|AMZN|CSCO|GILD|GOOG|INTC|MSFT|QCOM
2014-03-24,8,AAPL,Rebal,AAPL|MSFT|GOOG|AMZN|QCOM|INTC|CSCO|GILD,0.283428|0.205069|0.120208|0.099898|0.080067|0.076426|0.067901|0.067004,AAPL|AMZN|CSCO|GILD|GOOG|INTC|MSFT|QCOM
2014-06-23,9,AAPL,Rebal,AAPL|MSFT|GOOG|GOOGL|AMZN|INTC|QCOM|CSCO|GILD,0.282338|0.179611|0.099190|0.084476|0.078489|0.077696|0.069109|0.065684|0.063407,AAPL|AMZN|CSCO|GILD|GOOG|GOOGL|INTC|MSFT|QCOM
2014-09-22,9,AAPL,Rebal,AAPL|MSFT|GOOG|INTC|GOOGL|GILD|AMZN|CSCO|QCOM,0.288463|0.184846|0.094697|0.081919|0.080676|0.076002|0.071470|0.060975|0.060952,AAPL|AMZN|CSCO|GILD|GOOG|GOOGL|INTC|MSFT|QCOM
2014-12-22,10,AAPL,Recon,AAPL|MSFT|INTC|GOOG|FB|GOOGL|CSCO|AMZN|GILD|AMGN,0.294040|0.171896|0.080101|0.077184|0.071361|0.065581|0.062855|0.061581|0.061060|0.054340,AAPL|AMGN|AMZN|CSCO|GILD|GOOG|GOOGL|INTC|META|MSFT
2015-03-23,10,AAPL,Rebal,AAPL|MSFT|GOOG|FB|AMZN|GOOGL|INTC|GILD|CSCO|AMGN,0.307877|0.145481|0.081345|0.080971|0.074458|0.069556|0.062949|0.062447|0.061321|0.053594,AAPL|AMGN|AMZN|CSCO|GILD|GOOG|GOOGL|INTC|META|MSFT
2015-06-22,10,AAPL,Rebal,AAPL|MSFT|AMZN|FB|GOOG|GILD|GOOGL|INTC|CSCO|AMGN,0.297976|0.151397|0.083554|0.078408|0.075794|0.073007|0.066433|0.062797|0.060267|0.050366,AAPL|AMGN|AMZN|CSCO|GILD|GOOG|GOOGL|INTC|META|MSFT
2015-09-21,10,AAPL,Rebal,AAPL|MSFT|AMZN|GOOG|FB|GOOGL|GILD|INTC|CSCO|CMCSA,0.269239|0.144572|0.105108|0.089563|0.088483|0.079233|0.063594|0.056809|0.053230|0.050169,AAPL|AMZN|CMCSA|CSCO|GILD|GOOG|GOOGL|INTC|META|MSFT
2015-12-21,8,AAPL,Recon,AAPL|MSFT|AMZN|GOOG|FB|GOOGL|INTC|GILD,0.256173|0.183539|0.130081|0.107643|0.099090|0.092306|0.068128|0.063040,AAPL|AMZN|GILD|GOOG|GOOGL|INTC|META|MSFT
2016-03-21,8,AAPL,Rebal,AAPL|MSFT|AMZN|FB|GOOG|GOOGL|INTC|GILD,0.251646|0.185069|0.115804|0.114569|0.112431|0.099090|0.067466|0.053924,AAPL|AMZN|GILD|GOOG|GOOGL|INTC|META|MSFT
2016-06-20,8,AAPL,Rebal,AAPL|MSFT|AMZN|FB|GOOG|GOOGL|INTC|CMCSA,0.227423|0.173159|0.150222|0.116877|0.105781|0.092399|0.067545|0.066594,AAPL|AMZN|CMCSA|GOOG|GOOGL|INTC|META|MSFT
2016-09-19,8,AAPL,Rebal,AAPL|MSFT|AMZN|FB|GOOG|GOOGL|INTC|CMCSA,0.239674|0.173730|0.143898|0.117032|0.103028|0.091839|0.068847|0.061952,AAPL|AMZN|CMCSA|GOOG|GOOGL|INTC|META|MSFT
2016-12-19,8,AAPL,Recon,AAPL|MSFT|AMZN|FB|GOOG|GOOGL|INTC|CMCSA,0.239899|0.189230|0.138607|0.105726|0.104157|0.091440|0.066616|0.064326,AAPL|AMZN|CMCSA|GOOG|GOOGL|INTC|META|MSFT
2017-03-20,8,AAPL,Rebal,AAPL|MSFT|AMZN|FB|GOOG|GOOGL|CMCSA|INTC,0.254532|0.174214|0.143407|0.115550|0.102772|0.090113|0.061416|0.057996,AAPL|AMZN|CMCSA|GOOG|GOOGL|INTC|META|MSFT
2017-06-19,8,AAPL,Rebal,AAPL|MSFT|AMZN|FB|GOOG|GOOGL|CMCSA|INTC,0.241555|0.174439|0.152773|0.115796|0.106390|0.092888|0.062835|0.053324,AAPL|AMZN|CMCSA|GOOG|GOOGL|INTC|META|MSFT
2017-09-18,8,AAPL,Rebal,AAPL|MSFT|AMZN|FB|GOOG|GOOGL|CMCSA|INTC,0.255066|0.180166|0.145646|0.125416|0.099025|0.086244|0.054328|0.054110,AAPL|AMZN|CMCSA|GOOG|GOOGL|INTC|META|MSFT
2017-12-18,7,AAPL,Recon,AAPL|MSFT|AMZN|FB|GOOG|GOOGL|INTC,0.260919|0.190502|0.163762|0.122722|0.107250|0.092603|0.062241,AAPL|AMZN|GOOG|GOOGL|INTC|META|MSFT
2018-03-19,7,AAPL,Rebal,AAPL|AMZN|MSFT|FB|GOOG|GOOGL|INTC,0.243320|0.199435|0.192262|0.109915|0.102774|0.088109|0.064185,AAPL|AMZN|GOOG|GOOGL|INTC|META|MSFT
2018-06-18,7,AAPL,Rebal,AAPL|AMZN|MSFT|FB|GOOG|GOOGL|INTC,0.227117|0.209471|0.192689|0.119154|0.102289|0.088142|0.061139,AAPL|AMZN|GOOG|GOOGL|INTC|META|MSFT
2018-09-24,7,AAPL,Rebal,AAPL|AMZN|MSFT|GOOG|FB|GOOGL|CSCO,0.249215|0.220489|0.205494|0.095941|0.093226|0.082398|0.053238,AAPL|AMZN|CSCO|GOOG|GOOGL|META|MSFT
2018-12-24,7,MSFT,Recon,MSFT|AAPL|AMZN|GOOG|FB|GOOGL|INTC,0.223986|0.220066|0.203413|0.105989|0.092843|0.091333|0.062371,AAPL|AMZN|GOOG|GOOGL|INTC|META|MSFT
2019-03-18,7,MSFT,Rebal,MSFT|AMZN|AAPL|GOOG|FB|GOOGL|INTC,0.221904|0.213062|0.210045|0.102456|0.096330|0.090456|0.065747,AAPL|AMZN|GOOG|GOOGL|INTC|META|MSFT
2019-06-24,7,MSFT,Rebal,MSFT|AMZN|AAPL|FB|GOOG|GOOGL|CSCO,0.240737|0.216685|0.205368|0.107031|0.089342|0.078676|0.062162,AAPL|AMZN|CSCO|GOOG|GOOGL|META|MSFT
2019-09-23,7,MSFT,Rebal,MSFT|AAPL|AMZN|FB|GOOG|GOOGL|INTC,0.238735|0.222122|0.198485|0.101949|0.097053|0.085422|0.056233,AAPL|AMZN|GOOG|GOOGL|INTC|META|MSFT
2019-12-23,7,AAPL,Recon,AAPL|MSFT|AMZN|FB|GOOGL|GOOG|INTC,0.247223|0.235265|0.174162|0.097207|0.090967|0.090786|0.064390,AAPL|AMZN|GOOG|GOOGL|INTC|META|MSFT
2020-03-23,7,MSFT,Rebal,MSFT|AAPL|AMZN|GOOG|GOOGL|FB|INTC,0.239322|0.229994|0.217646|0.083744|0.083604|0.082222|0.063469,AAPL|AMZN|GOOG|GOOGL|INTC|META|MSFT
2020-06-22,7,AAPL,Rebal,AAPL|MSFT|AMZN|FB|GOOGL|GOOG|INTC,0.246225|0.240770|0.214263|0.091055|0.079055|0.077259|0.051374,AAPL|AMZN|GOOG|GOOGL|INTC|META|MSFT
2020-09-21,7,AAPL,Rebal,AAPL|MSFT|AMZN|FB|TSLA|GOOGL|GOOG,0.268967|0.218977|0.211852|0.085237|0.076313|0.070443|0.068210,AAPL|AMZN|GOOG|GOOGL|META|MSFT|TSLA
2020-12-21,8,AAPL,Recon,AAPL|MSFT|AMZN|TSLA|FB|GOOG|GOOGL|NVDA,0.256867|0.198281|0.189540|0.089818|0.077265|0.067602|0.061442|0.059185,AAPL|AMZN|GOOG|GOOGL|META|MSFT|NVDA|TSLA
2021-03-22,8,AAPL,Rebal,AAPL|MSFT|AMZN|TSLA|FB|GOOG|GOOGL|NVDA,0.238212|0.204680|0.180148|0.091520|0.081198|0.076786|0.070231|0.057226,AAPL|AMZN|GOOG|GOOGL|META|MSFT|NVDA|TSLA
2021-06-21,8,AAPL,Rebal,AAPL|MSFT|AMZN|GOOG|FB|TSLA|GOOGL|NVDA,0.227281|0.203628|0.179321|0.084248|0.081964|0.076193|0.075429|0.071937,AAPL|AMZN|GOOG|GOOGL|META|MSFT|NVDA|TSLA
2021-09-20,8,AAPL,Rebal,AAPL|MSFT|AMZN|TSLA|GOOG|FB|GOOGL|NVDA,0.223842|0.209519|0.161000|0.085755|0.084331|0.080328|0.079134|0.076091,AAPL|AMZN|GOOG|GOOGL|META|MSFT|NVDA|TSLA
2021-12-20,7,AAPL,Recon,AAPL|MSFT|AMZN|FB|NVDA|GOOG|GOOGL,0.258665|0.223082|0.157398|0.107103|0.090579|0.084047|0.079126,AAPL|AMZN|GOOG|GOOGL|META|MSFT|NVDA
2022-03-21,7,AAPL,Rebal,AAPL|MSFT|AMZN|NVDA|GOOG|GOOGL|FB,0.271595|0.225692|0.165391|0.094652|0.086695|0.082388|0.073586,AAPL|AMZN|GOOG|GOOGL|META|MSFT|NVDA
2022-06-20,6,AAPL,Rebal,AAPL|MSFT|AMZN|GOOG|GOOGL|NVDA,0.306752|0.266827|0.155690|0.097393|0.092849|0.080488,AAPL|AMZN|GOOG|GOOGL|MSFT|NVDA
2022-09-19,6,AAPL,Rebal,AAPL|MSFT|AMZN|GOOG|GOOGL|NVDA,0.339936|0.249701|0.173894|0.087637|0.084621|0.064210,AAPL|AMZN|GOOG|GOOGL|MSFT|NVDA
2022-12-19,7,MSFT,Recon,MSFT|AAPL|AMZN|GOOG|GOOGL|NVDA|TSLA,0.278124|0.263896|0.134985|0.084539|0.083892|0.080824|0.073739,AAPL|AMZN|GOOG|GOOGL|MSFT|NVDA|TSLA
2023-03-20,7,MSFT,Rebal,MSFT|AAPL|AMZN|NVDA|GOOGL|GOOG|TSLA,0.263626|0.261667|0.130802|0.108418|0.080272|0.079469|0.075746,AAPL|AMZN|GOOG|GOOGL|MSFT|NVDA|TSLA
2023-06-19,7,MSFT,Rebal,MSFT|AAPL|NVDA|AMZN|TSLA|GOOGL|GOOG,0.257806|0.237926|0.139133|0.130954|0.083987|0.076077|0.074116,AAPL|AMZN|GOOG|GOOGL|MSFT|NVDA|TSLA
2023-09-18,7,AAPL,Rebal,AAPL|MSFT|AMZN|NVDA|TSLA|GOOGL|GOOG,0.272104|0.239090|0.141241|0.106200|0.082342|0.080191|0.078832,AAPL|AMZN|GOOG|GOOGL|MSFT|NVDA|TSLA
2023-12-18,10,AAPL,Recon,AAPL|MSFT|AMZN|AVGO|NVDA|META|TSLA|GOOGL|GOOG|COST,0.205477|0.186795|0.107382|0.093330|0.083422|0.082073|0.081807|0.054202|0.052971|0.052541,AAPL|AMZN|AVGO|COST|GOOG|GOOGL|META|MSFT|NVDA|TSLA
2024-03-18,10,MSFT,Rebal,MSFT|AAPL|NVDA|AMZN|META|AVGO|GOOGL|GOOG|COST|TSLA,0.188892|0.163410|0.134707|0.110403|0.105960|0.090211|0.053014|0.051293|0.051073|0.051037,AAPL|AMZN|AVGO|COST|GOOG|GOOGL|META|MSFT|NVDA|TSLA
2024-06-24,10,MSFT,Rebal,MSFT|AAPL|NVDA|AMZN|AVGO|META|GOOGL|GOOG|COST|TSLA,0.175842|0.168676|0.153544|0.102060|0.100721|0.091925|0.055636|0.053668|0.051347|0.046580,AAPL|AMZN|AVGO|COST|GOOG|GOOGL|META|MSFT|NVDA|TSLA
2024-09-23,10,AAPL,Rebal,AAPL|MSFT|NVDA|AVGO|AMZN|META|TSLA|COST|GOOGL|GOOG,0.174767|0.163551|0.144749|0.105066|0.103283|0.099568|0.061359|0.053300|0.048131|0.046226,AAPL|AMZN|AVGO|COST|GOOG|GOOGL|META|MSFT|NVDA|TSLA
2024-12-23,9,AAPL,Recon,AAPL|NVDA|MSFT|AMZN|AVGO|TSLA|META|GOOGL|GOOG,0.195196|0.173034|0.163701|0.119714|0.090795|0.079014|0.066151|0.057529|0.054867,AAPL|AMZN|AVGO|GOOG|GOOGL|META|MSFT|NVDA|TSLA
2025-03-24,9,AAPL,Rebal,AAPL|NVDA|MSFT|AMZN|AVGO|META|TSLA|GOOGL|GOOG,0.193723|0.173075|0.170723|0.125850|0.086622|0.079176|0.059116|0.057142|0.054573,AAPL|AMZN|AVGO|GOOG|GOOGL|META|MSFT|NVDA|TSLA
2025-06-23,9,MSFT,Rebal,MSFT|NVDA|AAPL|AMZN|AVGO|META|TSLA|GOOGL|GOOG,0.190322|0.185344|0.158569|0.116609|0.103978|0.079908|0.066866|0.050655|0.047749,AAPL|AMZN|AVGO|GOOG|GOOGL|META|MSFT|NVDA|TSLA
2025-09-22,9,NVDA,Rebal,NVDA|MSFT|AAPL|AVGO|AMZN|META|GOOGL|GOOG|NFLX,0.194546|0.166739|0.165707|0.114916|0.105854|0.072364|0.064052|0.059874|0.055949,AAPL|AMZN|AVGO|GOOG|GOOGL|META|MSFT|NFLX|NVDA
2025-12-22,8,NVDA,Recon,NVDA|AAPL|MSFT|AMZN|TSLA|GOOGL|GOOG|AVGO,0.205002|0.183889|0.165525|0.112152|0.099293|0.082774|0.077311|0.074055,AAPL|AMZN|AVGO|GOOG|GOOGL|MSFT|NVDA|TSLA
2026-03-23,8,NVDA,Rebal,NVDA|AAPL|MSFT|AMZN|TSLA|GOOGL|GOOG|AVGO,0.214748|0.185772|0.143097|0.113503|0.095642|0.088484|0.081816|0.076937,AAPL|AMZN|AVGO|GOOG|GOOGL|MSFT|NVDA|TSLA
2026-06-22,8,NVDA,Rebal,NVDA|AAPL|MSFT|AMZN|GOOGL|TSLA|AVGO|GOOG,0.209285|0.186878|0.136376|0.118509|0.090324|0.088722|0.086405|0.083500,AAPL|AMZN|AVGO|GOOG|GOOGL|MSFT|NVDA|TSLA
