Date,Count,Top,BufferRule,Type,Tickers,Weights,PriceTickers
2000-06-30,11,CSCO,False,Rebal,CSCO|INTC|MSFT|JDSU|ORCL|SUNW|VRTS|NXTL|SEBL|QCOM|WCOM,0.159763|0.155750|0.143596|0.105455|0.097785|0.062285|0.060879|0.057024|0.056679|0.053434|0.047349,CSCO|INTC|JDSU|MSFT|NXTL|ORCL|QCOM|QQQ|SUNW|WCOM
2000-09-18,11,CSCO,False,Rebal,CSCO|INTC|MSFT|ORCL|JDSU|SUNW|QCOM|VRTS|SEBL|NXTL|NTAP,0.165744|0.142776|0.124151|0.097659|0.094470|0.086661|0.068259|0.064290|0.059855|0.051028|0.045107,CSCO|INTC|JDSU|MSFT|NTAP|NXTL|ORCL|QCOM|QQQ|SUNW
2000-12-18,12,CSCO,False,Recon,CSCO|MSFT|INTC|QCOM|ORCL|JDSU|VRTS|SUNW|SEBL|CIEN|AMGN|IMNX,0.157974|0.125622|0.113405|0.111376|0.108974|0.076215|0.061038|0.057269|0.056827|0.047147|0.044367|0.039785,AMGN|CIEN|CSCO|IMNX|INTC|JDSU|MSFT|ORCL|QCOM|QQQ|SUNW
2001-03-19,12,MSFT,False,Rebal,MSFT|INTC|CSCO|QCOM|ORCL|JDSU|AMGN|VSTR|SUNW|DELL|VRTS|XLNX,0.203490|0.130058|0.109046|0.108107|0.075167|0.067476|0.063331|0.057847|0.055151|0.048402|0.041834|0.040091,AMGN|CSCO|DELL|INTC|JDSU|MSFT|ORCL|QCOM|QQQ|SUNW|XLNX
2001-06-18,12,MSFT,False,Rebal,MSFT|INTC|QCOM|CSCO|ORCL|AMGN|VSTR|DELL|AMAT|SUNW|VRTS|XLNX,0.259585|0.137160|0.096312|0.089559|0.074856|0.068730|0.058223|0.048227|0.043630|0.043251|0.042105|0.038363,AMAT|AMGN|CSCO|DELL|INTC|MSFT|ORCL|QCOM|QQQ|SUNW|XLNX
2001-09-24,11,MSFT,False,Rebal,MSFT|INTC|QCOM|CSCO|ORCL|AMGN|DELL|MXIM|WCOM|CMCSA|AMAT,0.270226|0.140824|0.122452|0.092121|0.081670|0.075651|0.049972|0.046324|0.044180|0.041840|0.034741,AMAT|AMGN|CMCSA|CSCO|DELL|INTC|MSFT|MXIM|ORCL|QCOM|WCOM
2001-12-24,13,MSFT,False,Recon,MSFT|INTC|CSCO|QCOM|ORCL|AMGN|DELL|MXIM|LLTC|IMNX|AMAT|CEFT|SUNW,0.254085|0.153829|0.096611|0.093733|0.068003|0.056745|0.054238|0.048724|0.036049|0.034624|0.034546|0.034408|0.034407,AMAT|AMGN|CSCO|DELL|IMNX|INTC|LLTC|MSFT|MXIM|ORCL|QCOM|QQQ|SUNW
2002-03-18,13,MSFT,False,Rebal,MSFT|INTC|CSCO|QCOM|ORCL|AMGN|MXIM|DELL|IMNX|CEFT|AMAT|VRTS|LLTC,0.240784|0.157295|0.092999|0.085123|0.058294|0.053704|0.053668|0.049687|0.045787|0.043256|0.041109|0.040209|0.038086,AMAT|AMGN|CSCO|DELL|IMNX|INTC|LLTC|MSFT|MXIM|ORCL|QCOM|QQQ
2002-06-24,13,MSFT,False,Rebal,MSFT|INTC|CSCO|QCOM|DELL|AMGN|ORCL|MXIM|AMAT|IMNX|CEFT|BBBY|LLTC,0.275864|0.123906|0.100696|0.067770|0.065030|0.055761|0.053800|0.050740|0.046049|0.045229|0.042939|0.037006|0.035210,AMAT|AMGN|BBBY|CSCO|DELL|IMNX|INTC|LLTC|MSFT|MXIM|ORCL|QCOM|QQQ
2002-09-23,12,MSFT,False,Rebal,MSFT|INTC|CSCO|QCOM|AMGN|DELL|ORCL|BBBY|EBAY|INTU|SBUX|MXIM,0.283135|0.111518|0.105719|0.086973|0.080604|0.078074|0.057990|0.043623|0.039797|0.039537|0.037011|0.036019,AMGN|BBBY|CSCO|DELL|EBAY|INTC|INTU|MSFT|MXIM|ORCL|QCOM|SBUX
2002-12-23,10,MSFT,False,Recon,MSFT|INTC|QCOM|CSCO|AMGN|DELL|ORCL|CMCSA|EBAY|MXIM,0.287663|0.115305|0.104908|0.100853|0.088316|0.075514|0.071266|0.064882|0.045877|0.045417,AMGN|CMCSA|CSCO|DELL|EBAY|INTC|MSFT|MXIM|ORCL|QCOM
2003-03-24,10,MSFT,False,Rebal,MSFT|INTC|QCOM|CSCO|AMGN|CMCSA|DELL|ORCL|EBAY|MXIM,0.252555|0.118776|0.105337|0.099413|0.095507|0.075863|0.075791|0.069638|0.056657|0.050463,AMGN|CMCSA|CSCO|DELL|EBAY|INTC|MSFT|MXIM|ORCL|QCOM
2003-06-23,10,MSFT,False,Rebal,MSFT|INTC|CSCO|AMGN|QCOM|DELL|CMCSA|ORCL|EBAY|MXIM,0.246824|0.121400|0.112969|0.100354|0.089122|0.077303|0.076571|0.072934|0.061269|0.041253,AMGN|CMCSA|CSCO|DELL|EBAY|INTC|MSFT|MXIM|ORCL|QCOM
2003-09-22,10,MSFT,False,Rebal,MSFT|INTC|CSCO|QCOM|AMGN|DELL|CMCSA|ORCL|EBAY|MXIM,0.245199|0.147470|0.116845|0.096851|0.093532|0.073008|0.065989|0.058993|0.058656|0.043456,AMGN|CMCSA|CSCO|DELL|EBAY|INTC|MSFT|MXIM|ORCL|QCOM
2003-12-22,13,MSFT,False,Recon,MSFT|INTC|CSCO|QCOM|NXTL|AMGN|DELL|CMCSA|EBAY|ORCL|IACI|MXIM|BBBY,0.186998|0.127821|0.109981|0.092498|0.068476|0.067917|0.057552|0.056215|0.055479|0.053116|0.047114|0.040507|0.036326,AMGN|BBBY|CMCSA|CSCO|DELL|EBAY|IACI|INTC|MSFT|MXIM|NXTL|ORCL|QCOM
2004-03-22,13,MSFT,False,Rebal,MSFT|QCOM|INTC|CSCO|AMGN|EBAY|DELL|ORCL|CMCSA|SBUX|IACI|MXIM|BIIB,0.179718|0.120063|0.119406|0.109660|0.074599|0.065009|0.064684|0.054471|0.048591|0.043625|0.041267|0.040830|0.038077,AMGN|BIIB|CMCSA|CSCO|DELL|EBAY|IACI|INTC|MSFT|MXIM|ORCL|QCOM|SBUX
2004-06-21,13,MSFT,False,Rebal,MSFT|QCOM|INTC|CSCO|EBAY|DELL|AMGN|CMCSA|ORCL|SBUX|MXIM|IACI|BIIB,0.197608|0.118771|0.116701|0.103849|0.078172|0.060803|0.059026|0.050923|0.045074|0.045060|0.041890|0.041470|0.040653,AMGN|BIIB|CMCSA|CSCO|DELL|EBAY|IACI|INTC|MSFT|MXIM|ORCL|QCOM|SBUX
2004-09-20,13,MSFT,False,Rebal,MSFT|QCOM|INTC|CSCO|EBAY|AMGN|NXTL|DELL|CMCSA|SBUX|ORCL|BIIB|YHOO,0.190370|0.140433|0.087464|0.086793|0.083888|0.063451|0.061050|0.060903|0.050335|0.046917|0.045750|0.042138|0.040507,AMGN|BIIB|CMCSA|CSCO|DELL|EBAY|INTC|MSFT|NXTL|ORCL|QCOM|SBUX|YHOO
2004-12-20,12,MSFT,False,Recon,MSFT|QCOM|EBAY|INTC|CSCO|DELL|NXTL|ORCL|AAPL|SBUX|AMGN|CMCSA,0.190984|0.138229|0.091528|0.089526|0.082740|0.073803|0.066179|0.059706|0.055271|0.053854|0.050063|0.048115,AAPL|AMGN|CMCSA|CSCO|DELL|EBAY|INTC|MSFT|NXTL|ORCL|QCOM|SBUX
2005-03-21,12,MSFT,False,Rebal,MSFT|QCOM|INTC|CSCO|AAPL|CMCSA|NXTL|DELL|EBAY|AMGN|SBUX|ORCL,0.183298|0.126351|0.099436|0.093844|0.084685|0.072211|0.068863|0.063405|0.059863|0.051554|0.050527|0.045963,AAPL|AMGN|CMCSA|CSCO|DELL|EBAY|INTC|MSFT|NXTL|ORCL|QCOM|SBUX
2005-06-20,12,MSFT,False,Rebal,MSFT|QCOM|INTC|AMGN|CSCO|AAPL|NXTL|EBAY|DELL|CMCSA|SBUX|ORCL,0.146784|0.120661|0.106422|0.091100|0.083017|0.076949|0.076240|0.068334|0.068303|0.059505|0.056232|0.046453,AAPL|AMGN|CMCSA|CSCO|DELL|EBAY|INTC|MSFT|NXTL|ORCL|QCOM|SBUX
2005-09-19,11,MSFT,False,Rebal,MSFT|QCOM|AAPL|INTC|AMGN|CSCO|EBAY|DELL|ORCL|CMCSA|SBUX,0.181113|0.157389|0.113829|0.098379|0.092580|0.077550|0.069688|0.056536|0.053443|0.053062|0.046432,AAPL|AMGN|CMCSA|CSCO|DELL|EBAY|INTC|MSFT|ORCL|QCOM|SBUX
2005-12-19,14,MSFT,False,Recon,MSFT|QCOM|AAPL|INTC|GOOG|EBAY|AMGN|CSCO|SBUX|DELL|YHOO|ORCL|CMCSA|GILD,0.148421|0.129158|0.123826|0.082440|0.077211|0.067529|0.066909|0.059782|0.049085|0.042183|0.041671|0.039681|0.038066|0.034038,AAPL|AMGN|CMCSA|CSCO|DELL|EBAY|GILD|GOOG|INTC|MSFT|ORCL|QCOM|SBUX|YHOO
2006-03-20,14,MSFT,False,Rebal,MSFT|QCOM|AAPL|CSCO|GOOG|AMGN|INTC|EBAY|SBUX|ORCL|GILD|DELL|CMCSA|YHOO,0.154940|0.151279|0.114020|0.072067|0.064012|0.063493|0.062742|0.060663|0.059734|0.044642|0.043049|0.039031|0.038880|0.031447,AAPL|AMGN|CMCSA|CSCO|DELL|EBAY|GILD|GOOG|INTC|MSFT|ORCL|QCOM|SBUX|YHOO
2006-06-19,14,QCOM,False,Rebal,QCOM|MSFT|AAPL|GOOG|CSCO|SBUX|INTC|AMGN|EBAY|CMCSA|ORCL|GILD|DELL|YHOO,0.144764|0.133942|0.113076|0.078662|0.072741|0.063744|0.062757|0.062646|0.052760|0.051534|0.051370|0.042664|0.034793|0.034548,AAPL|AMGN|CMCSA|CSCO|DELL|EBAY|GILD|GOOG|INTC|MSFT|ORCL|QCOM|SBUX|YHOO
2006-09-18,14,MSFT,False,Rebal,MSFT|AAPL|QCOM|GOOG|CSCO|INTC|AMGN|ORCL|SBUX|CMCSA|GILD|EBAY|SHLD|GENZ,0.142527|0.136491|0.113141|0.085807|0.077358|0.061582|0.059056|0.055130|0.054871|0.050661|0.045203|0.043962|0.039990|0.034222,AAPL|AMGN|CMCSA|CSCO|EBAY|GENZ|GILD|GOOG|INTC|MSFT|ORCL|QCOM|SBUX|SHLD
2006-12-18,14,AAPL,False,Recon,AAPL|MSFT|QCOM|CSCO|GOOG|AMGN|CMCSA|ORCL|INTC|GILD|SBUX|EBAY|FISV|SHLD,0.135003|0.131604|0.104937|0.089511|0.079767|0.068479|0.059589|0.054977|0.053141|0.051368|0.049036|0.043799|0.040268|0.038521,AAPL|AMGN|CMCSA|CSCO|EBAY|FISV|GILD|GOOG|INTC|MSFT|ORCL|QCOM|SBUX|SHLD
2007-03-19,14,AAPL,False,Rebal,AAPL|MSFT|QCOM|GOOG|CSCO|INTC|CMCSA|ORCL|SBUX|EBAY|GILD|AMGN|SHLD|RIMM,0.154990|0.134859|0.123339|0.085705|0.080495|0.054995|0.053129|0.053091|0.046964|0.045998|0.045639|0.045520|0.040138|0.035139,AAPL|AMGN|BB|CMCSA|CSCO|EBAY|GILD|GOOG|INTC|MSFT|ORCL|QCOM|SBUX|SHLD
2007-06-18,14,AAPL,False,Rebal,AAPL|MSFT|QCOM|GOOG|CSCO|INTC|ORCL|CMCSA|GILD|RIMM|EBAY|AMGN|SBUX|SHLD,0.190490|0.129776|0.106807|0.091083|0.074156|0.061615|0.054006|0.051139|0.046528|0.041307|0.040798|0.040176|0.036474|0.035644,AAPL|AMGN|BB|CMCSA|CSCO|EBAY|GILD|GOOG|INTC|MSFT|ORCL|QCOM|SBUX|SHLD
2007-09-24,14,AAPL,False,Rebal,AAPL|MSFT|QCOM|GOOG|CSCO|INTC|RIMM|ORCL|EBAY|GILD|CMCSA|SBUX|AMGN|CELG,0.210905|0.109924|0.098549|0.094331|0.080992|0.062272|0.062032|0.054438|0.045805|0.042514|0.040282|0.033021|0.032820|0.032116,AAPL|AMGN|BB|CELG|CMCSA|CSCO|EBAY|GILD|GOOG|INTC|MSFT|ORCL|QCOM|SBUX
2007-12-24,9,AAPL,False,Recon,AAPL|MSFT|GOOG|QCOM|RIMM|CSCO|INTC|ORCL|GILD,0.295740|0.144758|0.121751|0.099826|0.081037|0.076400|0.068494|0.059510|0.052484,AAPL|BB|CSCO|GILD|GOOG|INTC|MSFT|ORCL|QCOM
2008-03-24,9,AAPL,False,Rebal,AAPL|MSFT|QCOM|GOOG|RIMM|CSCO|GILD|INTC|ORCL,0.255605|0.142257|0.121592|0.098526|0.094587|0.083924|0.068352|0.068281|0.066876,AAPL|BB|CSCO|GILD|GOOG|INTC|MSFT|ORCL|QCOM
2008-06-23,9,AAPL,False,Rebal,AAPL|QCOM|MSFT|RIMM|GOOG|CSCO|GILD|ORCL|INTC,0.283894|0.124130|0.119628|0.107151|0.104820|0.069682|0.067234|0.062987|0.060474,AAPL|BB|CSCO|GILD|GOOG|INTC|MSFT|ORCL|QCOM
2008-09-22,9,AAPL,False,Rebal,AAPL|QCOM|MSFT|GOOG|RIMM|CSCO|ORCL|GILD|INTC,0.261724|0.147021|0.129006|0.101132|0.089315|0.078831|0.068709|0.065396|0.058867,AAPL|BB|CSCO|GILD|GOOG|INTC|MSFT|ORCL|QCOM
2008-12-22,11,AAPL,False,Recon,AAPL|QCOM|MSFT|GILD|GOOG|ORCL|CSCO|INTC|AMGN|TEVA|CELG,0.210774|0.137066|0.119908|0.090561|0.085985|0.075025|0.068734|0.056166|0.056052|0.052377|0.047353,AAPL|AMGN|CELG|CSCO|GILD|GOOG|INTC|MSFT|ORCL|QCOM|TEVA
2009-03-23,11,AAPL,False,Rebal,AAPL|QCOM|MSFT|GOOG|GILD|ORCL|CSCO|TEVA|INTC|AMGN|CELG,0.247260|0.143043|0.103990|0.094316|0.074881|0.070144|0.064303|0.061721|0.055913|0.044286|0.040143,AAPL|AMGN|CELG|CSCO|GILD|GOOG|INTC|MSFT|ORCL|QCOM|TEVA
2009-06-22,11,AAPL,False,Rebal,AAPL|QCOM|MSFT|GOOG|ORCL|GILD|RIMM|CSCO|TEVA|INTC|AMGN,0.267590|0.138763|0.112019|0.093477|0.065100|0.064401|0.060209|0.059132|0.053776|0.047912|0.037621,AAPL|AMGN|BB|CSCO|GILD|GOOG|INTC|MSFT|ORCL|QCOM|TEVA
2009-09-21,11,AAPL,False,Rebal,AAPL|QCOM|MSFT|GOOG|CSCO|RIMM|ORCL|GILD|INTC|TEVA|AMGN,0.300000|0.118733|0.103075|0.096564|0.064262|0.062991|0.059536|0.054893|0.050553|0.050469|0.038925,AAPL|AMGN|BB|CSCO|GILD|GOOG|INTC|MSFT|ORCL|QCOM|TEVA
2009-12-21,10,AAPL,False,Recon,AAPL|MSFT|QCOM|GOOG|ORCL|CSCO|TEVA|RIMM|INTC|GILD,0.300000|0.124229|0.120053|0.116215|0.067369|0.064232|0.053090|0.052121|0.051929|0.050762,AAPL|BB|CSCO|GILD|GOOG|INTC|MSFT|ORCL|QCOM|TEVA
2010-03-22,10,AAPL,False,Rebal,AAPL|MSFT|GOOG|QCOM|CSCO|ORCL|TEVA|INTC|GILD|RIMM,0.300000|0.117246|0.111176|0.103691|0.071316|0.071244|0.062764|0.057762|0.052889|0.051912,AAPL|BB|CSCO|GILD|GOOG|INTC|MSFT|ORCL|QCOM|TEVA
2010-06-21,10,AAPL,False,Rebal,AAPL|MSFT|GOOG|QCOM|ORCL|CSCO|INTC|TEVA|RIMM|GILD,0.300000|0.118524|0.112343|0.105792|0.074212|0.073034|0.063459|0.059252|0.047660|0.045723,AAPL|BB|CSCO|GILD|GOOG|INTC|MSFT|ORCL|QCOM|TEVA
2010-09-20,10,AAPL,False,Rebal,AAPL|QCOM|GOOG|MSFT|ORCL|AMZN|CSCO|TEVA|INTC|GILD,0.300000|0.119292|0.109209|0.108528|0.082557|0.064466|0.063593|0.057264|0.052972|0.042120,AAPL|AMZN|CSCO|GILD|GOOG|INTC|MSFT|ORCL|QCOM|TEVA
2010-12-20,10,AAPL,False,Recon,AAPL|QCOM|GOOG|MSFT|ORCL|AMZN|INTC|CSCO|TEVA|SBUX,0.300000|0.123732|0.115366|0.107092|0.085820|0.070468|0.053605|0.051762|0.048290|0.043866,AAPL|AMZN|CSCO|GOOG|INTC|MSFT|ORCL|QCOM|SBUX|TEVA
2011-03-21,10,AAPL,False,Rebal,AAPL|QCOM|GOOG|MSFT|ORCL|AMZN|INTC|SBUX|CSCO|TEVA,0.300000|0.137926|0.114856|0.100237|0.087495|0.064999|0.052387|0.048336|0.047147|0.046617,AAPL|AMZN|CSCO|GOOG|INTC|MSFT|ORCL|QCOM|SBUX|TEVA
2011-06-20,10,AAPL,False,Rebal,AAPL|MSFT|ORCL|GOOG|INTC|QCOM|AMZN|CSCO|AMGN|CMCSA,0.232768|0.163325|0.128587|0.097998|0.089189|0.071552|0.067874|0.066290|0.043021|0.039394,AAPL|AMGN|AMZN|CMCSA|CSCO|GOOG|INTC|MSFT|ORCL|QCOM
2011-09-19,10,AAPL,False,Rebal,AAPL|MSFT|ORCL|GOOG|INTC|AMZN|CSCO|QCOM|AMGN|CMCSA,0.272334|0.162768|0.104807|0.099083|0.082183|0.078320|0.064788|0.064356|0.037291|0.034069,AAPL|AMGN|AMZN|CMCSA|CSCO|GOOG|INTC|MSFT|ORCL|QCOM
2011-12-19,9,AAPL,True,Recon,AAPL|MSFT|GOOG|ORCL|INTC|CSCO|QCOM|AMZN|AMGN,0.300000|0.200816|0.148202|0.135869|0.113832|0.091281|0.003333|0.003333|0.003333,AAPL|AMGN|AMZN|CSCO|GOOG|INTC|MSFT|ORCL|QCOM
2012-03-19,9,AAPL,True,Rebal,AAPL|MSFT|GOOG|ORCL|INTC|QCOM|CSCO|AMZN|AMGN,0.300000|0.221880|0.132365|0.123808|0.119749|0.092199|0.003333|0.003333|0.003333,AAPL|AMGN|AMZN|CSCO|GOOG|INTC|MSFT|ORCL|QCOM
2012-06-18,9,AAPL,True,Rebal,AAPL|MSFT|GOOG|INTC|ORCL|QCOM|AMZN|CSCO|CMCSA,0.300000|0.225359|0.134630|0.123608|0.119321|0.087082|0.003333|0.003333|0.003333,AAPL|AMZN|CMCSA|CSCO|GOOG|INTC|MSFT|ORCL|QCOM
2012-09-24,9,AAPL,True,Rebal,AAPL|MSFT|GOOG|ORCL|INTC|QCOM|AMZN|CSCO|CMCSA,0.300000|0.213463|0.162293|0.130176|0.094383|0.089685|0.003333|0.003333|0.003333,AAPL|AMZN|CMCSA|CSCO|GOOG|INTC|MSFT|ORCL|QCOM
2012-12-24,9,AAPL,True,Recon,AAPL|MSFT|GOOG|ORCL|AMZN|CSCO|QCOM|INTC|CMCSA,0.300000|0.172945|0.141605|0.125141|0.089070|0.080886|0.080353|0.005000|0.005000,AAPL|AMZN|CMCSA|CSCO|GOOG|INTC|MSFT|ORCL|QCOM
2013-03-18,9,AAPL,True,Rebal,AAPL|MSFT|GOOG|ORCL|AMZN|CSCO|QCOM|INTC|CMCSA,0.300000|0.168363|0.151142|0.125799|0.083265|0.082865|0.078566|0.005000|0.005000,AAPL|AMZN|CMCSA|CSCO|GOOG|INTC|MSFT|ORCL|QCOM
2013-06-24,9,AAPL,True,Rebal,AAPL|MSFT|GOOG|ORCL|CSCO|AMZN|QCOM|INTC|CMCSA,0.260903|0.200571|0.169983|0.105316|0.091696|0.088205|0.073326|0.005000|0.005000,AAPL|AMZN|CMCSA|CSCO|GOOG|INTC|MSFT|ORCL|QCOM
2013-09-23,9,AAPL,True,Rebal,AAPL|MSFT|GOOG|AMZN|CSCO|QCOM|INTC|GILD|CMCSA,0.300000|0.207849|0.184910|0.108363|0.098722|0.090155|0.003333|0.003333|0.003333,AAPL|AMZN|CMCSA|CSCO|GILD|GOOG|INTC|MSFT|QCOM
2013-12-23,9,AAPL,True,Recon,AAPL|GOOG|MSFT|AMZN|INTC|QCOM|CSCO|GILD|CMCSA,0.285825|0.168575|0.168494|0.101591|0.069615|0.068997|0.063590|0.063314|0.010000,AAPL|AMZN|CMCSA|CSCO|GILD|GOOG|INTC|MSFT|QCOM
2014-03-24,9,AAPL,True,Rebal,AAPL|MSFT|GOOG|AMZN|QCOM|INTC|CSCO|GILD|FB,0.280594|0.203019|0.119006|0.098899|0.079266|0.075661|0.067222|0.066334|0.010000,AAPL|AMZN|CSCO|GILD|GOOG|INTC|META|MSFT|QCOM
2014-06-23,9,AAPL,False,Rebal,AAPL|MSFT|GOOG|GOOGL|AMZN|INTC|QCOM|CSCO|GILD,0.282338|0.179611|0.099190|0.084476|0.078489|0.077696|0.069109|0.065684|0.063407,AAPL|AMZN|CSCO|GILD|GOOG|GOOGL|INTC|MSFT|QCOM
2014-09-22,9,AAPL,False,Rebal,AAPL|MSFT|GOOG|INTC|GOOGL|GILD|AMZN|CSCO|QCOM,0.288463|0.184846|0.094697|0.081919|0.080676|0.076002|0.071470|0.060975|0.060952,AAPL|AMZN|CSCO|GILD|GOOG|GOOGL|INTC|MSFT|QCOM
2014-12-22,10,AAPL,False,Recon,AAPL|MSFT|INTC|GOOG|FB|GOOGL|CSCO|AMZN|GILD|AMGN,0.294040|0.171896|0.080101|0.077184|0.071361|0.065581|0.062855|0.061581|0.061060|0.054340,AAPL|AMGN|AMZN|CSCO|GILD|GOOG|GOOGL|INTC|META|MSFT
2015-03-23,10,AAPL,False,Rebal,AAPL|MSFT|GOOG|FB|AMZN|GOOGL|INTC|GILD|CSCO|AMGN,0.300000|0.147137|0.082271|0.081893|0.075306|0.070348|0.063665|0.063158|0.062019|0.054204,AAPL|AMGN|AMZN|CSCO|GILD|GOOG|GOOGL|INTC|META|MSFT
2015-06-22,10,AAPL,False,Rebal,AAPL|MSFT|AMZN|FB|GOOG|GILD|GOOGL|INTC|CSCO|AMGN,0.297976|0.151397|0.083554|0.078408|0.075794|0.073007|0.066433|0.062797|0.060267|0.050366,AAPL|AMGN|AMZN|CSCO|GILD|GOOG|GOOGL|INTC|META|MSFT
2015-09-21,10,AAPL,False,Rebal,AAPL|MSFT|AMZN|GOOG|FB|GOOGL|GILD|INTC|CSCO|CMCSA,0.269239|0.144572|0.105108|0.089563|0.088483|0.079233|0.063594|0.056809|0.053230|0.050169,AAPL|AMZN|CMCSA|CSCO|GILD|GOOG|GOOGL|INTC|META|MSFT
2015-12-21,9,AAPL,True,Recon,AAPL|MSFT|AMZN|GOOG|FB|GOOGL|INTC|GILD|CSCO,0.253612|0.181704|0.128780|0.106566|0.098099|0.091383|0.067447|0.062410|0.010000,AAPL|AMZN|CSCO|GILD|GOOG|GOOGL|INTC|META|MSFT
2016-03-21,9,AAPL,True,Rebal,AAPL|MSFT|AMZN|FB|GOOG|GOOGL|INTC|GILD|CMCSA,0.249130|0.183219|0.114646|0.113423|0.111307|0.098099|0.066791|0.053385|0.010000,AAPL|AMZN|CMCSA|GILD|GOOG|GOOGL|INTC|META|MSFT
2016-06-20,9,AAPL,True,Rebal,AAPL|MSFT|AMZN|FB|GOOG|GOOGL|INTC|CMCSA|CSCO,0.225149|0.171427|0.148720|0.115708|0.104723|0.091475|0.066870|0.065928|0.010000,AAPL|AMZN|CMCSA|CSCO|GOOG|GOOGL|INTC|META|MSFT
2016-09-19,9,AAPL,True,Rebal,AAPL|MSFT|AMZN|FB|GOOG|GOOGL|INTC|CMCSA|CSCO,0.237278|0.171993|0.142459|0.115862|0.101998|0.090921|0.068159|0.061332|0.010000,AAPL|AMZN|CMCSA|CSCO|GOOG|GOOGL|INTC|META|MSFT
2016-12-19,9,AAPL,True,Recon,AAPL|MSFT|AMZN|FB|GOOG|GOOGL|INTC|CMCSA|CSCO,0.237500|0.187337|0.137221|0.104668|0.103115|0.090525|0.065950|0.063683|0.010000,AAPL|AMZN|CMCSA|CSCO|GOOG|GOOGL|INTC|META|MSFT
2017-03-20,9,AAPL,True,Rebal,AAPL|MSFT|AMZN|FB|GOOG|GOOGL|CMCSA|INTC|CSCO,0.251987|0.172472|0.141973|0.114395|0.101745|0.089212|0.060802|0.057416|0.010000,AAPL|AMZN|CMCSA|CSCO|GOOG|GOOGL|INTC|META|MSFT
2017-06-19,9,AAPL,True,Rebal,AAPL|MSFT|AMZN|FB|GOOG|GOOGL|CMCSA|INTC|CSCO,0.239139|0.172695|0.151246|0.114638|0.105326|0.091959|0.062206|0.052790|0.010000,AAPL|AMZN|CMCSA|CSCO|GOOG|GOOGL|INTC|META|MSFT
2017-09-18,9,AAPL,True,Rebal,AAPL|MSFT|AMZN|FB|GOOG|GOOGL|CMCSA|INTC|CSCO,0.252515|0.178364|0.144190|0.124162|0.098035|0.085381|0.053784|0.053569|0.010000,AAPL|AMZN|CMCSA|CSCO|GOOG|GOOGL|INTC|META|MSFT
2017-12-18,9,AAPL,True,Recon,AAPL|MSFT|AMZN|FB|GOOG|GOOGL|INTC|CSCO|CMCSA,0.258310|0.188597|0.162125|0.121495|0.106177|0.091677|0.061619|0.005000|0.005000,AAPL|AMZN|CMCSA|CSCO|GOOG|GOOGL|INTC|META|MSFT
2018-03-19,9,AAPL,True,Rebal,AAPL|AMZN|MSFT|FB|GOOG|GOOGL|INTC|CSCO|CMCSA,0.240887|0.197441|0.190339|0.108816|0.101747|0.087228|0.063543|0.005000|0.005000,AAPL|AMZN|CMCSA|CSCO|GOOG|GOOGL|INTC|META|MSFT
2018-06-18,9,AAPL,True,Rebal,AAPL|AMZN|MSFT|FB|GOOG|GOOGL|INTC|CSCO|NFLX,0.224845|0.207376|0.190763|0.117962|0.101266|0.087260|0.060527|0.005000|0.005000,AAPL|AMZN|CSCO|GOOG|GOOGL|INTC|META|MSFT|NFLX
2018-09-24,9,AAPL,True,Rebal,AAPL|AMZN|MSFT|GOOG|FB|GOOGL|CSCO|INTC|CMCSA,0.246723|0.218284|0.203439|0.094982|0.092293|0.081574|0.052706|0.005000|0.005000,AAPL|AMZN|CMCSA|CSCO|GOOG|GOOGL|INTC|META|MSFT
2018-12-24,9,MSFT,True,Recon,MSFT|AAPL|AMZN|GOOG|FB|GOOGL|INTC|CSCO|CMCSA,0.221746|0.217865|0.201379|0.104929|0.091915|0.090420|0.061747|0.005000|0.005000,AAPL|AMZN|CMCSA|CSCO|GOOG|GOOGL|INTC|META|MSFT
2019-03-18,9,MSFT,True,Rebal,MSFT|AMZN|AAPL|GOOG|FB|GOOGL|INTC|CSCO|CMCSA,0.219685|0.210932|0.207945|0.101431|0.095366|0.089551|0.065090|0.005000|0.005000,AAPL|AMZN|CMCSA|CSCO|GOOG|GOOGL|INTC|META|MSFT
2019-06-24,9,MSFT,True,Rebal,MSFT|AMZN|AAPL|FB|GOOG|GOOGL|CSCO|INTC|CMCSA,0.238330|0.214518|0.203314|0.105961|0.088448|0.077889|0.061541|0.005000|0.005000,AAPL|AMZN|CMCSA|CSCO|GOOG|GOOGL|INTC|META|MSFT
2019-09-23,9,MSFT,True,Rebal,MSFT|AAPL|AMZN|FB|GOOG|GOOGL|INTC|CSCO|CMCSA,0.236348|0.219901|0.196500|0.100930|0.096082|0.084568|0.055671|0.005000|0.005000,AAPL|AMZN|CMCSA|CSCO|GOOG|GOOGL|INTC|META|MSFT
2019-12-23,9,AAPL,True,Recon,AAPL|MSFT|AMZN|FB|GOOGL|GOOG|INTC|CSCO|CMCSA,0.244751|0.232913|0.172420|0.096235|0.090058|0.089878|0.063746|0.005000|0.005000,AAPL|AMZN|CMCSA|CSCO|GOOG|GOOGL|INTC|META|MSFT
2020-03-23,9,MSFT,True,Rebal,MSFT|AAPL|AMZN|GOOG|GOOGL|FB|INTC|NFLX|CMCSA,0.236928|0.227694|0.215469|0.082907|0.082768|0.081399|0.062835|0.005000|0.005000,AAPL|AMZN|CMCSA|GOOG|GOOGL|INTC|META|MSFT|NFLX
2020-06-22,9,AAPL,True,Rebal,AAPL|MSFT|AMZN|FB|GOOGL|GOOG|INTC|NVDA|ADBE,0.243762|0.238362|0.212121|0.090144|0.078264|0.076486|0.050860|0.005000|0.005000,AAPL|ADBE|AMZN|GOOG|GOOGL|INTC|META|MSFT|NVDA
2020-09-21,9,AAPL,True,Rebal,AAPL|MSFT|AMZN|FB|TSLA|GOOGL|GOOG|NVDA|ADBE,0.266277|0.216787|0.209733|0.084385|0.075550|0.069739|0.067528|0.005000|0.005000,AAPL|ADBE|AMZN|GOOG|GOOGL|META|MSFT|NVDA|TSLA
2020-12-21,9,AAPL,True,Recon,AAPL|MSFT|AMZN|TSLA|FB|GOOG|GOOGL|NVDA|PYPL,0.254299|0.196298|0.187644|0.088920|0.076492|0.066926|0.060828|0.058593|0.010000,AAPL|AMZN|GOOG|GOOGL|META|MSFT|NVDA|PYPL|TSLA
2021-03-22,9,AAPL,True,Rebal,AAPL|MSFT|AMZN|TSLA|FB|GOOG|GOOGL|NVDA|PYPL,0.235830|0.202633|0.178346|0.090604|0.080386|0.076018|0.069528|0.056653|0.010000,AAPL|AMZN|GOOG|GOOGL|META|MSFT|NVDA|PYPL|TSLA
2021-06-21,9,AAPL,True,Rebal,AAPL|MSFT|AMZN|GOOG|FB|TSLA|GOOGL|NVDA|PYPL,0.225008|0.201592|0.177528|0.083405|0.081144|0.075431|0.074674|0.071218|0.010000,AAPL|AMZN|GOOG|GOOGL|META|MSFT|NVDA|PYPL|TSLA
2021-09-20,9,AAPL,True,Rebal,AAPL|MSFT|AMZN|TSLA|GOOG|FB|GOOGL|NVDA|PYPL,0.221604|0.207424|0.159390|0.084898|0.083487|0.079525|0.078343|0.075331|0.010000,AAPL|AMZN|GOOG|GOOGL|META|MSFT|NVDA|PYPL|TSLA
2021-12-20,9,AAPL,True,Recon,AAPL|MSFT|AMZN|FB|NVDA|GOOG|GOOGL|TSLA|AVGO,0.256078|0.220851|0.155824|0.106032|0.089673|0.083207|0.078335|0.005000|0.005000,AAPL|AMZN|AVGO|GOOG|GOOGL|META|MSFT|NVDA|TSLA
2022-03-21,9,AAPL,True,Rebal,AAPL|MSFT|AMZN|NVDA|GOOG|GOOGL|FB|TSLA|COST,0.268879|0.223435|0.163737|0.093705|0.085829|0.081564|0.072851|0.005000|0.005000,AAPL|AMZN|COST|GOOG|GOOGL|META|MSFT|NVDA|TSLA
2022-06-20,9,AAPL,True,Rebal,AAPL|MSFT|AMZN|GOOG|GOOGL|NVDA|TSLA|META|PEP,0.300000|0.265577|0.154961|0.096937|0.092414|0.080111|0.003333|0.003333|0.003333,AAPL|AMZN|GOOG|GOOGL|META|MSFT|NVDA|PEP|TSLA
2022-09-19,9,AAPL,True,Rebal,AAPL|MSFT|AMZN|GOOG|GOOGL|NVDA|TSLA|META|PEP,0.300000|0.261025|0.181781|0.091612|0.088459|0.067122|0.003333|0.003333|0.003333,AAPL|AMZN|GOOG|GOOGL|META|MSFT|NVDA|PEP|TSLA
2022-12-19,9,MSFT,True,Recon,MSFT|AAPL|AMZN|GOOG|GOOGL|NVDA|TSLA|META|PEP,0.275343|0.261257|0.133635|0.083694|0.083053|0.080016|0.073002|0.005000|0.005000,AAPL|AMZN|GOOG|GOOGL|META|MSFT|NVDA|PEP|TSLA
2023-03-20,9,MSFT,True,Rebal,MSFT|AAPL|AMZN|NVDA|GOOGL|GOOG|TSLA|META|AVGO,0.260990|0.259051|0.129494|0.107334|0.079469|0.078674|0.074988|0.005000|0.005000,AAPL|AMZN|AVGO|GOOG|GOOGL|META|MSFT|NVDA|TSLA
2023-06-19,9,MSFT,True,Rebal,MSFT|AAPL|NVDA|AMZN|TSLA|GOOGL|GOOG|META|AVGO,0.255228|0.235547|0.137742|0.129644|0.083147|0.075316|0.073375|0.005000|0.005000,AAPL|AMZN|AVGO|GOOG|GOOGL|META|MSFT|NVDA|TSLA
2023-09-18,9,AAPL,True,Rebal,AAPL|MSFT|AMZN|NVDA|TSLA|GOOGL|GOOG|META|AVGO,0.269383|0.236699|0.139829|0.105138|0.081519|0.079389|0.078044|0.005000|0.005000,AAPL|AMZN|AVGO|GOOG|GOOGL|META|MSFT|NVDA|TSLA
2023-12-18,10,AAPL,False,Recon,AAPL|MSFT|AMZN|AVGO|NVDA|META|TSLA|GOOGL|GOOG|COST,0.205477|0.186795|0.107382|0.093330|0.083422|0.082073|0.081807|0.054202|0.052971|0.052541,AAPL|AMZN|AVGO|COST|GOOG|GOOGL|META|MSFT|NVDA|TSLA
2024-03-18,10,MSFT,False,Rebal,MSFT|AAPL|NVDA|AMZN|META|AVGO|GOOGL|GOOG|COST|TSLA,0.188892|0.163410|0.134707|0.110403|0.105960|0.090211|0.053014|0.051293|0.051073|0.051037,AAPL|AMZN|AVGO|COST|GOOG|GOOGL|META|MSFT|NVDA|TSLA
2024-06-24,10,MSFT,False,Rebal,MSFT|AAPL|NVDA|AMZN|AVGO|META|GOOGL|GOOG|COST|TSLA,0.175842|0.168676|0.153544|0.102060|0.100721|0.091925|0.055636|0.053668|0.051347|0.046580,AAPL|AMZN|AVGO|COST|GOOG|GOOGL|META|MSFT|NVDA|TSLA
2024-09-23,10,AAPL,False,Rebal,AAPL|MSFT|NVDA|AVGO|AMZN|META|TSLA|COST|GOOGL|GOOG,0.174767|0.163551|0.144749|0.105066|0.103283|0.099568|0.061359|0.053300|0.048131|0.046226,AAPL|AMZN|AVGO|COST|GOOG|GOOGL|META|MSFT|NVDA|TSLA
2024-12-23,9,AAPL,False,Recon,AAPL|NVDA|MSFT|AMZN|AVGO|TSLA|META|GOOGL|GOOG,0.195196|0.173034|0.163701|0.119714|0.090795|0.079014|0.066151|0.057529|0.054867,AAPL|AMZN|AVGO|GOOG|GOOGL|META|MSFT|NVDA|TSLA
2025-03-24,9,AAPL,False,Rebal,AAPL|NVDA|MSFT|AMZN|AVGO|META|TSLA|GOOGL|GOOG,0.193723|0.173075|0.170723|0.125850|0.086622|0.079176|0.059116|0.057142|0.054573,AAPL|AMZN|AVGO|GOOG|GOOGL|META|MSFT|NVDA|TSLA
2025-06-23,9,MSFT,False,Rebal,MSFT|NVDA|AAPL|AMZN|AVGO|META|TSLA|GOOGL|GOOG,0.190322|0.185344|0.158569|0.116609|0.103978|0.079908|0.066866|0.050655|0.047749,AAPL|AMZN|AVGO|GOOG|GOOGL|META|MSFT|NVDA|TSLA
2025-09-22,9,NVDA,False,Rebal,NVDA|MSFT|AAPL|AVGO|AMZN|META|GOOGL|GOOG|NFLX,0.194546|0.166739|0.165707|0.114916|0.105854|0.072364|0.064052|0.059874|0.055949,AAPL|AMZN|AVGO|GOOG|GOOGL|META|MSFT|NFLX|NVDA
2025-12-22,9,NVDA,False,Recon,NVDA|AAPL|MSFT|AMZN|TSLA|META|GOOGL|GOOG|AVGO,0.188209|0.168826|0.151966|0.102965|0.091159|0.081914|0.075993|0.070978|0.067989,AAPL|AMZN|AVGO|GOOG|GOOGL|META|MSFT|NVDA|TSLA
2026-03-23,9,NVDA,False,Rebal,NVDA|AAPL|MSFT|AMZN|TSLA|META|GOOGL|GOOG|AVGO,0.197081|0.170489|0.131325|0.104165|0.087774|0.082267|0.081205|0.075085|0.070608,AAPL|AMZN|AVGO|GOOG|GOOGL|META|MSFT|NVDA|TSLA
2026-06-22,9,NVDA,False,Rebal,NVDA|AAPL|MSFT|MU|AMZN|GOOGL|TSLA|AVGO|GOOG,0.186351|0.166400|0.121432|0.109582|0.105523|0.080426|0.079000|0.076937|0.074350,AAPL|AMZN|AVGO|GOOG|GOOGL|MSFT|MU|NVDA|TSLA
