rank,allocation_id,method,trigger,ema_span,review,crash_threshold,trailing_stop,derisk,cooldown,test_cagr,test_max_drawdown,test_cagr_delta,test_dd_delta,selection_score
1,2,Calendar:Yearly,crash,100,Monthly,0.125,0.0,1.0,20,0.2147712460869442,-0.09719727746884854,0.008755157564394267,0.0987908983097271,-0.01261791837575615
2,2,AbsoluteBand:Yearly:0.2,crash,100,Monthly,0.125,0.0,1.0,20,0.2158480598882182,-0.09747646507715169,0.00858259043294618,0.09817105994398667,-0.012010293309054062
3,2,Calendar:Yearly,crash,100,Monthly,0.125,0.0,1.0,60,0.20895705864724734,-0.09719727746884832,0.0029409701246974063,0.09879089830972732,-0.03927535805332032
4,2,AbsoluteBand:Yearly:0.2,crash,100,Monthly,0.125,0.0,1.0,60,0.2098405188329795,-0.09747646507715191,0.0025750493777074723,0.09817105994398645,-0.0382177469774881
5,2,AbsoluteBand:Yearly:0.2,combined,200,Monthly,0.125,0.15,0.5,20,0.2188209129871923,-0.12383914287531816,0.011555443531920284,0.0718083821458202,-0.0006597040593510229
6,2,AbsoluteBand:Yearly:0.2,combined,200,Monthly,0.125,0.0,0.5,0,0.216051752273126,-0.12488553912383471,0.008786282817853985,0.07076198589730365,0.004380281955939334
7,2,AbsoluteBand:Yearly:0.2,ema,200,Monthly,0.0,0.15,1.0,20,0.21535296342815835,-0.12794605899970568,0.008087493972886328,0.06770146602143268,-0.046717595005761337
8,2,Calendar:Yearly,combined,200,Monthly,0.125,0.15,0.5,20,0.21046148146891386,-0.12396700057198895,0.004445392946363924,0.07202117520658669,-0.0013998195306788898
9,2,Calendar:Yearly,combined,200,Daily,0.075,0.0,0.5,0,0.20836619500825515,-0.12203199694724354,0.0023501064857052167,0.0739561788313321,0.023904186961274863
10,2,Calendar:Yearly,combined,200,Monthly,0.125,0.0,0.5,0,0.20767516158903043,-0.1251051715421091,0.0016590730664804987,0.07088300423646654,0.003511516222344765
11,1,Calendar:Yearly,crash,100,Daily,0.125,0.15,1.0,0,0.20113526091124512,-0.1416561242415979,0.006308758682390669,0.05430290011635863,-0.007227378934443092
12,2,Calendar:Yearly,combined,150,Daily,0.1,0.15,0.5,0,0.20662563233484743,-0.12744251440321497,0.0006095438122974972,0.06854566137536067,0.011787443050018106
13,2,Calendar:Yearly,combined,200,Monthly,0.125,0.1,0.5,20,0.2044445231545471,-0.12396700057198895,-0.0015715653680028474,0.07202117520658669,-0.008594071560176898
14,2,AbsoluteBand:Yearly:0.2,combined,200,Monthly,0.125,0.1,0.5,20,0.2054714598786811,-0.12383914287531816,-0.001794009576590927,0.0718083821458202,-0.007983311530632201
15,2,AbsoluteBand:Yearly:0.2,combined,200,Daily,0.075,0.0,0.5,0,0.20701323001581518,-0.12855327455214893,-0.00025223943945684724,0.06709425046898942,0.02441792074169217
16,2,AbsoluteBand:Yearly:0.2,combined,150,Daily,0.1,0.15,0.5,0,0.206633353281801,-0.12750385937043018,-0.0006321161734710312,0.06814366565070817,0.011255946860992365
17,2,Calendar:Yearly,combined,150,Daily,0.075,0.15,0.5,0,0.2048395991380978,-0.1274425144032152,-0.0011764893844521396,0.06854566137536044,0.01852380846067516
18,2,AbsoluteBand:Yearly:0.2,combined,150,Daily,0.075,0.15,0.5,0,0.20478476603465223,-0.12750385937043052,-0.0024807034206197898,0.06814366565070784,0.01876008994367325
19,2,Calendar:Yearly,combined,200,Daily,0.1,0.0,1.0,0,0.20626499948709442,-0.1358763272324076,0.0002489109645444909,0.06011184854616802,0.017410097831815623
20,2,Calendar:Yearly,crash,100,Daily,0.075,0.1,0.5,0,0.20189713097672235,-0.12505945135184715,-0.004118957545827584,0.07092872442672848,0.01313733338604704
21,8,AbsoluteBand:Yearly:0.05,crash,100,Monthly,0.1,0.1,0.5,20,0.1779414005435529,-0.09754711693701112,0.0009090226184182981,0.056303332045892995,0.010819353400499714
22,1,AbsoluteBand:Yearly:0.2,crash,100,Daily,0.125,0.15,1.0,0,0.2001646261605674,-0.14317578577785595,0.00317638083530003,0.049450152982272066,-0.007195754023261194
23,2,Calendar:Yearly,combined,200,Weekly,0.125,0.0,0.5,20,0.2002405841556134,-0.12396700057198895,-0.005775504366936524,0.07202117520658669,-0.003539249358349695
24,2,Calendar:Yearly,combined,200,Weekly,0.125,0.15,0.5,20,0.2002405841556134,-0.12396700057198895,-0.005775504366936524,0.07202117520658669,-0.003539249358349695
25,2,AbsoluteBand:Yearly:0.2,combined,200,Weekly,0.125,0.0,0.5,20,0.20131046284926946,-0.12383914287531816,-0.005955006606002566,0.0718083821458202,-0.008172165184220327
26,2,AbsoluteBand:Yearly:0.2,combined,200,Weekly,0.125,0.15,0.5,20,0.20131046284926946,-0.12383914287531816,-0.005955006606002566,0.0718083821458202,-0.008172165184220327
27,7,Calendar:Yearly,crash,100,Monthly,0.125,0.0,1.0,20,0.1676167220243734,-0.11584173017901667,0.003883589057914749,0.04080969300744053,0.012267352966489037
28,2,AbsoluteBand:Yearly:0.2,crash,100,Daily,0.075,0.1,0.5,0,0.20072086864881777,-0.1251104636914846,-0.006544600806454248,0.07053706132965376,0.0037820189729875046
29,2,AbsoluteBand:Yearly:0.2,ema,200,Monthly,0.0,0.15,1.0,0,0.2044840588254524,-0.13678473591097018,-0.002781410629819625,0.05886278911016818,-0.046717595005761337
30,8,AbsoluteBand:Yearly:0.05,combined,200,Monthly,0.1,0.1,0.5,20,0.17497717504242982,-0.09754711693701112,-0.0020552028827047764,0.056303332045892995,0.0035076047205469052
31,5,Calendar:Yearly,crash,100,Monthly,0.125,0.0,1.0,20,0.18692242742193765,-0.12069445322982963,0.004334933376193728,0.03799588749785432,0.010000896867486075
32,2,Calendar:Yearly,ema,200,Monthly,0.0,0.15,1.0,20,0.19975069012904978,-0.12807052031423016,-0.0062653983935001545,0.06791765546434547,-0.04836342123308056
33,2,AbsoluteBand:Yearly:0.2,ema,200,Monthly,0.0,0.15,1.0,60,0.20095900059519178,-0.1279460589997058,-0.006306468860080239,0.06770146602143257,-0.10573557920789942
34,1,Calendar:Yearly,combined,150,Monthly,0.15,0.15,0.5,0,0.18787656818945964,-0.12664689329041023,-0.006949934039394812,0.0693121310675463,0.017518112044773368
35,1,Calendar:Yearly,ema,150,Monthly,0.0,0.15,0.5,20,0.19556624390640076,-0.149342901824005,0.0007397416775463128,0.04661612253395153,-0.0004821584166119575
36,2,Calendar:Yearly,ema,200,Monthly,0.0,0.15,1.0,60,0.19863308028060267,-0.1280705203142305,-0.007383008241947264,0.06791765546434514,-0.10772964975910063
37,7,Calendar:Yearly,combined,100,Monthly,0.125,0.15,0.5,0,0.16658305007815977,-0.11840019369355514,0.002849917111701128,0.03825122949290205,0.009814669589162793
38,2,AbsoluteBand:Yearly:0.2,combined,200,Daily,0.1,0.0,1.0,0,0.2024921879111634,-0.13580013240816557,-0.00477328154410861,0.05984739261297278,0.01791581111361847
39,2,Calendar:Yearly,combined,150,Daily,0.075,0.0,1.0,0,0.2021536342276502,-0.13982542111331275,-0.003862454294899731,0.05616275466526288,0.018613995499851363
40,1,Calendar:Yearly,combined,200,Monthly,0.125,0.15,0.5,20,0.19128352922810854,-0.14165612424159835,-0.003542973000745908,0.05430290011635819,0.0065723986909830175
41,2,Calendar:Yearly,combined,150,Daily,0.15,0.0,0.5,0,0.20332014546673682,-0.14427940532685046,-0.0026959430558131103,0.05170877045172517,0.00704880594543862
42,5,Calendar:Yearly,combined,75,Monthly,0.125,0.1,0.5,20,0.17858896420342663,-0.10392286555692964,-0.0039985298423173,0.05476747517075431,-0.02732767520057682
43,8,AbsoluteBand:Yearly:0.05,combined,150,Monthly,0.1,0.0,0.5,20,0.1724807099734229,-0.09754711693701112,-0.004551667951711691,0.056303332045892995,0.005752092785826086
44,5,Calendar:Yearly,combined,100,Monthly,0.125,0.15,0.5,0,0.1842073248006968,-0.12069445322982963,0.0016198307549528668,0.03799588749785432,0.01295324959175734
45,5,Calendar:Yearly,combined,75,Monthly,0.125,0.0,1.0,20,0.17354242333350856,-0.09148386938083564,-0.00904507071223537,0.06720647134684832,0.006066796842473805
46,2,Calendar:Yearly,combined,150,Daily,0.125,0.15,0.5,0,0.20236832161145624,-0.14423726678542959,-0.0036477669110936972,0.05175090899314605,0.00879915375535371
47,8,AbsoluteBand:Yearly:0.05,combined,200,Monthly,0.1,0.0,0.5,20,0.17209289579009623,-0.09921956002583865,-0.004939482135038364,0.05463088895706547,0.006712955599497556
48,8,AbsoluteBand:Yearly:0.05,crash,100,Weekly,0.1,0.15,0.5,60,0.17131220537485037,-0.09754711693700968,-0.0057201725502842304,0.05630333204589444,0.00560590842152093
49,5,Calendar:Yearly,combined,75,Monthly,0.125,0.0,0.5,20,0.17913453422754477,-0.10897235495371449,-0.0034529598181991528,0.049717985773969464,0.009310738500304413
50,8,AbsoluteBand:Yearly:0.05,combined,200,Daily,0.1,0.1,0.5,20,0.17122907381553243,-0.09754711693701112,-0.00580330410960217,0.056303332045892995,0.005526469770543098
51,2,AbsoluteBand:Yearly:0.2,combined,150,Daily,0.15,0.0,0.5,0,0.2033294195747508,-0.144810039380173,-0.0039360498805212085,0.05083748564096535,0.006352350852113574
52,1,AbsoluteBand:Yearly:0.2,combined,200,Monthly,0.125,0.15,0.5,20,0.19282672854128458,-0.14317578577785683,-0.004161516783982799,0.04945015298227118,0.00913077889331159
53,2,AbsoluteBand:Yearly:0.2,combined,150,Daily,0.075,0.0,1.0,0,0.20079942850886523,-0.13982209086288,-0.0064660409464067925,0.05582543415825836,0.018151588851128945
54,2,Calendar:Yearly,ema,150,Monthly,0.0,0.15,0.5,20,0.20247881900142617,-0.14857266189606877,-0.003537269521123765,0.047415513882506866,-0.0004896980551632023
55,5,Calendar:Yearly,combined,200,Monthly,0.125,0.15,0.5,20,0.18233063972448305,-0.12069445322982975,-0.0002568543212608798,0.03799588749785421,0.003878204711002718
56,8,Calendar:Yearly,crash,100,Monthly,0.1,0.1,0.5,20,0.171251305460695,-0.10231170720958582,-0.0023612098461902598,0.043802471131567655,0.010635748524541175
57,2,AbsoluteBand:Yearly:0.2,combined,150,Daily,0.125,0.15,0.5,0,0.2023849320487654,-0.14471541141385014,-0.004880537406506624,0.05093211360728822,0.008211374362790484
58,8,AbsoluteBand:Yearly:0.05,combined,150,Monthly,0.0,0.1,1.0,60,0.1696645539289552,-0.09620482391756757,-0.007367823996179412,0.05764562506533655,-0.06485179433776952
59,5,Calendar:Yearly,combined,200,Monthly,0.125,0.0,0.5,0,0.1817583316374931,-0.12069445322982975,-0.0008291624082508164,0.03799588749785421,0.012757317076028377
60,2,Calendar:Yearly,crash,100,Daily,0.075,0.1,1.0,0,0.19610859761606103,-0.1332253956744095,-0.009907490906488903,0.06276278010416614,0.004476459750906901
61,8,AbsoluteBand:Yearly:0.05,crash,100,Weekly,0.1,0.1,0.5,60,0.1693365539354872,-0.09754711693700968,-0.00769582398964741,0.05630333204589444,-0.0034204566567228095
62,8,AbsoluteBand:Yearly:0.05,crash,100,Daily,0.125,0.15,1.0,0,0.17834859741806897,-0.12330276425893916,0.0013162194929343674,0.030547684723964963,0.005114651524600506
63,8,Calendar:Yearly,combined,200,Monthly,0.1,0.0,0.5,20,0.1702054303125986,-0.10231170720958616,-0.0034070849942866577,0.04380247113156732,0.003854159320398477
64,8,Calendar:Yearly,crash,100,Daily,0.125,0.15,1.0,0,0.17496198713671074,-0.11603058759168394,0.001349471829825477,0.030083590749469535,0.0022601935877439236
65,2,Calendar:Yearly,combined,200,Daily,0.15,0.0,0.5,0,0.2034937380980446,-0.1554643837605274,-0.0025223504245053263,0.04052379201804823,0.013293259218968095
66,2,Calendar:Yearly,combined,200,Daily,0.15,0.15,0.5,0,0.2034937380980446,-0.1554643837605274,-0.0025223504245053263,0.04052379201804823,0.013293259218968095
67,8,Calendar:Yearly,crash,100,Weekly,0.1,0.15,0.5,60,0.16989016624852327,-0.10231170720958627,-0.0037223490583619956,0.04380247113156721,0.006270453021991327
68,1,Calendar:Yearly,crash,100,Monthly,0.125,0.0,1.0,20,0.1872627877438926,-0.14165612424159846,-0.007563714484961848,0.05430290011635808,-0.012664606905529164
69,7,Calendar:Yearly,combined,75,Monthly,0.125,0.0,0.5,20,0.1614444229779204,-0.11840019369355426,-0.002288709988538251,0.03825122949290294,0.008369786849829865
70,2,Calendar:Yearly,combined,150,Daily,0.0,0.0,0.5,0,0.19900254195743572,-0.14427940532685046,-0.007013546565114215,0.05170877045172517,0.005818407599292709
71,1,Calendar:Yearly,combined,200,Monthly,0.125,0.0,0.5,0,0.18628571057916932,-0.14165612424159768,-0.008540791649685131,0.054302900116358854,0.017074659081263995
72,7,Calendar:Yearly,combined,200,Monthly,0.125,0.0,0.5,0,0.15986242587141808,-0.11584173017901656,-0.0038707070950405598,0.04080969300744064,0.014228556189563112
73,8,Calendar:Yearly,combined,200,Monthly,0.1,0.1,0.5,20,0.16829147990474347,-0.10231170720958604,-0.005321035402141794,0.04380247113156743,0.0025813056680304486
74,1,Calendar:Yearly,crash,100,Daily,0.15,0.0,0.5,20,0.19408190178255547,-0.16557160085108746,-0.0007446004462989819,0.03038742350686907,0.02323969350569918
75,5,Calendar:Yearly,crash,100,Monthly,0.15,0.15,0.5,20,0.18156034659167708,-0.1281716242614206,-0.0010271474540668457,0.030518716466263363,-0.01993952907428435
76,7,Calendar:Yearly,crash,100,Monthly,0.125,0.0,1.0,60,0.1590745698277516,-0.11584173017901667,-0.00465856313870705,0.04080969300744053,-0.012765129526420612
77,7,Calendar:Yearly,crash,100,Monthly,0.125,0.15,1.0,60,0.1590745698277516,-0.11584173017901667,-0.00465856313870705,0.04080969300744053,-0.036873504099639604
78,8,AbsoluteBand:Yearly:0.05,crash,100,Weekly,0.0,0.1,1.0,60,0.17246880129394437,-0.11331242007821463,-0.004563576631190225,0.040538028904689494,-0.037245980250729005
79,2,AbsoluteBand:Yearly:0.2,combined,150,Daily,0.0,0.0,0.5,0,0.19899216184895985,-0.144810039380173,-0.008273307606312175,0.05083748564096535,0.0051576878727266
80,7,Calendar:Yearly,combined,200,Monthly,0.125,0.15,0.5,20,0.15848396303792933,-0.11584173017901667,-0.005249169928529307,0.04080969300744053,0.004851863246276048
81,8,Calendar:Yearly,combined,150,Monthly,0.1,0.0,0.5,20,0.1671668785130076,-0.10231170720958593,-0.006445636793877663,0.043802471131567544,0.005101961218665153
82,7,Calendar:Yearly,combined,75,Monthly,0.125,0.15,0.5,60,0.1582212314391196,-0.11584173017901667,-0.005511901527339047,0.04080969300744053,-0.027265763751531294
83,1,AbsoluteBand:Yearly:0.2,crash,100,Monthly,0.125,0.0,1.0,20,0.1884187875329535,-0.14317578577785683,-0.008569457792313884,0.04945015298227118,-0.012440425649606329
84,8,AbsoluteBand:Yearly:0.05,combined,150,Monthly,0.0,0.1,0.5,60,0.17380579994367817,-0.11984367607349755,-0.0032265779814564244,0.03400677290940657,-0.030998362077341836
85,5,Calendar:Yearly,combined,75,Monthly,0.0,0.15,0.5,20,0.17759436564800324,-0.1204822412635751,-0.004993128397740687,0.03820809946410886,-0.012381185594462085
86,7,Calendar:Yearly,crash,100,Weekly,0.15,0.0,0.5,60,0.1619765431732938,-0.1279664389044175,-0.0017565897931648422,0.028684984282039694,0.0045511638185869
87,2,Calendar:Yearly,crash,100,Daily,0.15,0.0,0.5,20,0.2036978848992519,-0.16600953890297154,-0.002318203623298043,0.029978636875604092,0.01873911056013376
88,1,AbsoluteBand:Yearly:0.2,combined,200,Monthly,0.125,0.0,0.5,0,0.1878248637858222,-0.14317578577785706,-0.009163381539445181,0.049450152982270956,0.016836617695125608
89,1,AbsoluteBand:Yearly:0.2,combined,150,Daily,0.1,0.15,0.5,0,0.19031594146558573,-0.15043908338979006,-0.00667230385968165,0.04218685537033795,-0.017227794929952432
90,2,AbsoluteBand:Yearly:0.2,crash,100,Daily,0.15,0.0,0.5,20,0.2049068017980129,-0.16579034900763578,-0.002358667657259117,0.029857176013502573,0.017648329078619504
91,7,Calendar:Yearly,combined,75,Monthly,0.125,0.0,1.0,20,0.15745514590736076,-0.11584173017901667,-0.006277987059097878,0.04080969300744053,0.00377290670010166
92,5,Calendar:Yearly,crash,100,Monthly,0.125,0.0,1.0,60,0.1772476544581556,-0.12069445322982963,-0.005339839587588324,0.03799588749785432,-0.020255685266830963
93,8,AbsoluteBand:Yearly:0.05,ema,150,Monthly,0.0,0.15,0.5,20,0.17269075539267287,-0.11984367607349766,-0.004341622532461731,0.03400677290940646,0.001860267487148834
94,1,AbsoluteBand:Yearly:0.2,crash,100,Daily,0.15,0.0,0.5,20,0.19496884472565523,-0.16562508604319237,-0.0020194005996121422,0.02700085271693564,0.02316125656114909
95,1,AbsoluteBand:Yearly:0.2,combined,150,Daily,0.125,0.15,0.5,0,0.18832659483137948,-0.14684770408600112,-0.008661650493887896,0.045778234674126894,-0.018122383371359057
96,7,Calendar:Yearly,combined,75,Monthly,0.0,0.15,0.5,60,0.1567925421376979,-0.11584173017901656,-0.006940590828760751,0.04080969300744064,-0.04686885448063615
97,1,AbsoluteBand:Yearly:0.2,combined,150,Daily,0.15,0.0,0.5,0,0.18870209403060678,-0.14845793759613035,-0.008286151294660593,0.04416800116399766,-0.0167130248389936
98,1,AbsoluteBand:Yearly:0.2,combined,150,Daily,0.0,0.0,0.5,0,0.18870209403060678,-0.14845793759613035,-0.008286151294660593,0.04416800116399766,-0.01856725508061328
99,8,EMA100:pro_rata:Monthly,crash,100,Weekly,0.1,0.15,0.5,60,0.22026720522364007,-0.09034398716283354,-0.004106150248730733,0.031229749071153945,-0.00882253339596812
100,7,Calendar:Yearly,combined,150,Monthly,0.15,0.15,0.5,0,0.1561774956267088,-0.11584173017901678,-0.007555637339749843,0.04080969300744042,0.0007394240853030361
consensus-1,,CONSENSUS,crash,100,Monthly,0.125,0.0,1.0,60,,,-0.001041756880499789,0.06949037647571349,-0.027628479956015
consensus-2,,CONSENSUS,crash,100,Monthly,0.125,0.0,1.0,20,,,0.003883589057914749,0.04945015298227118,-0.003884276747622073
consensus-3,,CONSENSUS,combined,150,Daily,0.1,0.15,0.5,0,,,-0.0036522100165763405,0.05516526051052306,0.0029959994244804855
consensus-4,,CONSENSUS,combined,150,Daily,0.075,0.15,0.5,0,,,-0.006062451626176135,0.057235400112157664,0.0034240385246333636
consensus-5,,CONSENSUS,combined,200,Monthly,0.125,0.15,0.5,20,,,-0.003542973000745908,0.04945015298227118,0.002785142195511184
consensus-6,,CONSENSUS,combined,200,Monthly,0.125,0.1,0.5,20,,,-0.004798775751648332,0.04913808310712581,-0.012680637623579637
consensus-7,,CONSENSUS,crash,100,Daily,0.125,0.15,1.0,0,,,0.001349471829825477,0.030547684723964963,-0.0012543618694193486
consensus-8,,CONSENSUS,combined,150,Daily,0.125,0.15,0.5,0,,,-0.00677109395019726,0.04835517414070756,-4.829759471848983e-05
consensus-9,,CONSENSUS,crash,100,Daily,0.075,0.1,0.5,0,,,-0.007721590220419405,0.05085232560990949,0.005500040199949949
consensus-10,,CONSENSUS,combined,200,Monthly,0.125,0.0,0.5,0,,,-0.005772750495416257,0.0451299229948558,0.011015115199321997
consensus-11,,CONSENSUS,ema,150,Monthly,0.0,0.15,0.5,20,,,-0.005550512150911624,0.03809509401892858,-0.00314481835556786
consensus-12,,CONSENSUS,combined,150,Monthly,0.15,0.15,0.5,0,,,-0.008202574238389437,0.03740823295842344,0.005457864359864355
consensus-13,,CONSENSUS,crash,100,Monthly,0.15,0.15,0.5,20,,,-0.005271730332278013,0.028721282222528566,-0.011892655086607445
consensus-14,,CONSENSUS,crash,100,Weekly,0.15,0.15,0.5,20,,,-0.006814636995695178,0.029857176013502573,0.006026990871243866
consensus-15,,CONSENSUS,crash,100,Weekly,0.15,0.0,0.5,60,,,-0.006814050907051561,0.028684984282039694,-0.0002337633349870416
consensus-16,,CONSENSUS,crash,100,Daily,0.15,0.0,0.5,20,,,-0.002318203623298043,0.015209269086648769,0.01331618936211819
consensus-17,,CONSENSUS,crash,100,Daily,0.0,0.0,1.0,60,,,0.0,0.0,0.0
consensus-18,,CONSENSUS,crash,100,Weekly,0.0,0.0,1.0,60,,,0.0,0.0,0.0
consensus-19,,CONSENSUS,crash,100,Monthly,0.15,0.0,0.5,60,,,-0.006634539097400971,0.01619715111457387,0.0003157243171058018
consensus-20,,CONSENSUS,crash,100,Weekly,0.0,0.15,0.5,60,,,-0.0028371020178269424,0.0,-0.019596549954484472
consensus-21,,CONSENSUS,crash,100,Monthly,0.0,0.15,0.5,60,,,-0.0066310970425509375,0.01011391049205762,-0.020959460428131415
